step,cb,random
1,0,0,0
2,0,0,0
3,0,0,0
4,0.25,0,0
5,0.2,0,0
6,0.333333,0,0
7,0.285714,0.142857,0
8,0.25,0.125,0
9,0.222222,0.111111,0.111111
10,0.2,0.2,0.1
11,0.272727,0.272727,0.0909091
12,0.25,0.333333,0.0833333
13,0.230769,0.307692,0.0769231
14,0.285714,0.357143,0.142857
15,0.266667,0.4,0.133333
16,0.25,0.4375,0.125
17,0.294118,0.470588,0.117647
18,0.277778,0.444444,0.111111
19,0.315789,0.473684,0.105263
20,0.3,0.5,0.1
21,0.333333,0.52381,0.0952381
22,0.363636,0.545455,0.0909091
23,0.347826,0.521739,0.0869565
24,0.375,0.5,0.125
25,0.36,0.52,0.12
26,0.384615,0.5,0.115385
27,0.407407,0.518519,0.111111
28,0.428571,0.535714,0.107143
29,0.448276,0.551724,0.103448
30,0.466667,0.566667,0.1
31,0.451613,0.548387,0.129032
32,0.46875,0.53125,0.125
33,0.484848,0.545455,0.121212
34,0.470588,0.558824,0.117647
35,0.485714,0.571429,0.142857
36,0.5,0.583333,0.138889
37,0.513514,0.594595,0.135135
38,0.526316,0.605263,0.131579
39,0.538462,0.589744,0.128205
40,0.55,0.6,0.125
41,0.536585,0.585366,0.146341
42,0.547619,0.595238,0.142857
43,0.55814,0.604651,0.139535
44,0.568182,0.613636,0.159091
45,0.577778,0.622222,0.177778
46,0.586957,0.630435,0.173913
47,0.595745,0.638298,0.170213
48,0.604167,0.645833,0.1875
49,0.612245,0.653061,0.183673
50,0.62,0.66,0.18
51,0.627451,0.666667,0.176471
52,0.634615,0.673077,0.173077
53,0.641509,0.679245,0.169811
54,0.648148,0.685185,0.166667
55,0.654545,0.690909,0.163636
56,0.660714,0.696429,0.160714
57,0.666667,0.701754,0.157895
58,0.672414,0.706897,0.155172
59,0.677966,0.711864,0.152542
60,0.683333,0.716667,0.15
61,0.688525,0.721311,0.147541
62,0.693548,0.725806,0.145161
63,0.698413,0.730159,0.15873
64,0.703125,0.734375,0.15625
65,0.707692,0.738462,0.153846
66,0.712121,0.742424,0.151515
67,0.716418,0.746269,0.149254
68,0.720588,0.75,0.161765
69,0.724638,0.753623,0.15942
70,0.728571,0.757143,0.157143
71,0.732394,0.760563,0.169014
72,0.736111,0.763889,0.166667
73,0.739726,0.767123,0.164384
74,0.743243,0.77027,0.162162
75,0.746667,0.773333,0.173333
76,0.75,0.776316,0.171053
77,0.753247,0.779221,0.181818
78,0.75641,0.782051,0.192308
79,0.759494,0.78481,0.189873
80,0.7625,0.7875,0.1875
81,0.765432,0.790123,0.185185
82,0.756098,0.792683,0.182927
83,0.759036,0.795181,0.180723
84,0.761905,0.797619,0.178571
85,0.764706,0.8,0.176471
86,0.767442,0.802326,0.186047
87,0.770115,0.804598,0.183908
88,0.772727,0.795455,0.181818
89,0.775281,0.797753,0.191011
90,0.777778,0.8,0.2
91,0.78022,0.802198,0.197802
92,0.782609,0.804348,0.195652
93,0.784946,0.806452,0.193548
94,0.787234,0.808511,0.191489
95,0.789474,0.810526,0.2
96,0.791667,0.8125,0.197917
97,0.793814,0.814433,0.195876
98,0.795918,0.816327,0.193878
99,0.79798,0.818182,0.20202
100,0.8,0.82,0.21
101,0.80198,0.821782,0.207921
102,0.803922,0.823529,0.205882
103,0.805825,0.825243,0.213592
104,0.807692,0.826923,0.211538
105,0.809524,0.828571,0.209524
106,0.811321,0.830189,0.207547
107,0.813084,0.831776,0.205607
108,0.814815,0.833333,0.203704
109,0.816514,0.834862,0.201835
110,0.818182,0.836364,0.2
111,0.81982,0.837838,0.198198
112,0.821429,0.839286,0.196429
113,0.823009,0.840708,0.19469
114,0.824561,0.842105,0.192982
115,0.826087,0.843478,0.191304
116,0.818966,0.844828,0.189655
117,0.820513,0.837607,0.188034
118,0.822034,0.838983,0.194915
119,0.823529,0.840336,0.201681
120,0.816667,0.841667,0.208333
121,0.818182,0.842975,0.206612
122,0.819672,0.844262,0.213115
123,0.821138,0.845528,0.211382
124,0.822581,0.846774,0.209677
125,0.824,0.848,0.208
126,0.825397,0.849206,0.206349
127,0.826772,0.850394,0.204724
128,0.828125,0.851562,0.203125
129,0.821705,0.852713,0.209302
130,0.823077,0.853846,0.207692
131,0.824427,0.854962,0.206107
132,0.825758,0.848485,0.204545
133,0.827068,0.849624,0.203008
134,0.828358,0.850746,0.201493
135,0.82963,0.851852,0.2
136,0.823529,0.852941,0.198529
137,0.824818,0.854015,0.19708
138,0.826087,0.855072,0.195652
139,0.820144,0.856115,0.201439
140,0.814286,0.857143,0.207143
141,0.815603,0.858156,0.205674
142,0.816901,0.852113,0.204225
143,0.818182,0.853147,0.202797
144,0.819444,0.854167,0.208333
145,0.82069,0.855172,0.206897
146,0.821918,0.856164,0.212329
147,0.823129,0.85034,0.210884
148,0.824324,0.851351,0.209459
149,0.825503,0.852349,0.208054
150,0.826667,0.853333,0.206667
151,0.827815,0.854305,0.205298
152,0.828947,0.855263,0.210526
153,0.823529,0.856209,0.20915
154,0.824675,0.857143,0.207792
155,0.825806,0.858065,0.206452
156,0.820513,0.858974,0.205128
157,0.815287,0.859873,0.203822
158,0.810127,0.860759,0.202532
159,0.811321,0.861635,0.201258
160,0.8125,0.8625,0.2
161,0.813665,0.863354,0.204969
162,0.814815,0.864198,0.203704
163,0.815951,0.865031,0.208589
164,0.810976,0.865854,0.207317
165,0.812121,0.866667,0.206061
166,0.813253,0.86747,0.204819
167,0.814371,0.868263,0.203593
168,0.809524,0.869048,0.202381
169,0.804734,0.869822,0.207101
170,0.805882,0.870588,0.211765
171,0.807018,0.871345,0.216374
172,0.80814,0.872093,0.22093
173,0.809249,0.872832,0.219653
174,0.810345,0.873563,0.218391
175,0.811429,0.874286,0.217143
176,0.8125,0.875,0.215909
177,0.813559,0.875706,0.214689
178,0.814607,0.876404,0.213483
179,0.815642,0.877095,0.217877
180,0.816667,0.877778,0.216667
181,0.81768,0.878453,0.21547
182,0.818681,0.879121,0.214286
183,0.819672,0.879781,0.213115
184,0.820652,0.880435,0.211957
185,0.821622,0.881081,0.210811
186,0.822581,0.88172,0.209677
187,0.823529,0.882353,0.213904
188,0.824468,0.882979,0.212766
189,0.825397,0.883598,0.21164
190,0.826316,0.878947,0.210526
191,0.82199,0.879581,0.21466
192,0.822917,0.880208,0.213542
193,0.823834,0.880829,0.212435
194,0.824742,0.881443,0.21134
195,0.825641,0.882051,0.210256
196,0.826531,0.882653,0.209184
197,0.827411,0.883249,0.208122
198,0.828283,0.883838,0.207071
199,0.829146,0.884422,0.20603
200,0.83,0.885,0.21
201,0.830846,0.885572,0.208955
202,0.831683,0.886139,0.212871
203,0.832512,0.8867,0.211823
204,0.833333,0.887255,0.210784
205,0.834146,0.887805,0.209756
206,0.834951,0.88835,0.208738
207,0.835749,0.888889,0.207729
208,0.836538,0.889423,0.206731
209,0.837321,0.889952,0.210526
210,0.838095,0.890476,0.209524
211,0.838863,0.890995,0.208531
212,0.839623,0.891509,0.207547
213,0.840376,0.892019,0.211268
214,0.841121,0.892523,0.21028
215,0.84186,0.893023,0.209302
216,0.837963,0.893519,0.208333
217,0.83871,0.894009,0.211982
218,0.83945,0.894495,0.211009
219,0.840183,0.894977,0.210046
220,0.840909,0.895455,0.209091
221,0.841629,0.895928,0.208145
222,0.842342,0.896396,0.211712
223,0.843049,0.896861,0.210762
224,0.84375,0.897321,0.209821
225,0.844444,0.897778,0.213333
226,0.845133,0.89823,0.212389
227,0.845815,0.898678,0.211454
228,0.846491,0.899123,0.214912
229,0.847162,0.899563,0.218341
230,0.847826,0.9,0.217391
231,0.848485,0.900433,0.220779
232,0.849138,0.900862,0.219828
233,0.849785,0.901288,0.218884
234,0.850427,0.901709,0.222222
235,0.851064,0.902128,0.221277
236,0.851695,0.902542,0.220339
237,0.852321,0.902954,0.219409
238,0.852941,0.903361,0.222689
239,0.853556,0.903766,0.221757
240,0.854167,0.904167,0.220833
241,0.854772,0.904564,0.219917
242,0.855372,0.904959,0.219008
243,0.855967,0.90535,0.222222
244,0.856557,0.905738,0.221311
245,0.857143,0.906122,0.220408
246,0.857724,0.906504,0.219512
247,0.8583,0.906883,0.218623
248,0.858871,0.907258,0.217742
249,0.859438,0.907631,0.216867
250,0.86,0.908,0.216
251,0.860558,0.908367,0.215139
252,0.861111,0.90873,0.214286
253,0.86166,0.909091,0.213439
254,0.862205,0.909449,0.212598
255,0.862745,0.909804,0.211765
256,0.863281,0.910156,0.210938
257,0.863813,0.910506,0.210117
258,0.864341,0.910853,0.209302
259,0.864865,0.911197,0.212355
260,0.865385,0.911538,0.211538
261,0.8659,0.911877,0.210728
262,0.866412,0.912214,0.209924
263,0.86692,0.912548,0.209125
264,0.867424,0.912879,0.208333
265,0.867925,0.913208,0.207547
266,0.868421,0.913534,0.206767
267,0.868914,0.913858,0.209738
268,0.869403,0.914179,0.208955
269,0.869888,0.914498,0.208178
270,0.87037,0.914815,0.211111
271,0.870849,0.915129,0.210332
272,0.871324,0.915441,0.209559
273,0.871795,0.915751,0.208791
274,0.872263,0.916058,0.211679
275,0.872727,0.916364,0.214545
276,0.873188,0.916667,0.213768
277,0.873646,0.916968,0.212996
278,0.874101,0.917266,0.21223
279,0.874552,0.913978,0.21147
280,0.875,0.914286,0.210714
281,0.875445,0.914591,0.209964
282,0.875887,0.914894,0.20922
283,0.876325,0.915194,0.208481
284,0.876761,0.915493,0.211268
285,0.877193,0.915789,0.210526
286,0.877622,0.916084,0.20979
287,0.878049,0.916376,0.212544
288,0.875,0.916667,0.211806
289,0.875433,0.916955,0.214533
290,0.875862,0.917241,0.213793
291,0.876289,0.917526,0.216495
292,0.876712,0.917808,0.215753
293,0.877133,0.918089,0.215017
294,0.877551,0.918367,0.214286
295,0.877966,0.918644,0.213559
296,0.878378,0.918919,0.212838
297,0.878788,0.919192,0.212121
298,0.879195,0.919463,0.211409
299,0.879599,0.919732,0.214047
300,0.88,0.92,0.213333
301,0.880399,0.920266,0.212625
302,0.880795,0.92053,0.215232
303,0.881188,0.920792,0.214521
304,0.881579,0.921053,0.213816
305,0.881967,0.921311,0.213115
306,0.882353,0.921569,0.212418
307,0.882736,0.921824,0.211726
308,0.883117,0.922078,0.211039
309,0.883495,0.92233,0.213592
310,0.883871,0.922581,0.212903
311,0.884244,0.919614,0.212219
312,0.884615,0.919872,0.211538
313,0.884984,0.920128,0.210863
314,0.88535,0.920382,0.210191
315,0.88254,0.920635,0.212698
316,0.882911,0.920886,0.21519
317,0.883281,0.921136,0.214511
318,0.883648,0.921384,0.213836
319,0.884013,0.92163,0.213166
320,0.884375,0.921875,0.2125
321,0.884735,0.922118,0.211838
322,0.885093,0.92236,0.21118
323,0.885449,0.922601,0.210526
324,0.885802,0.92284,0.209877
325,0.886154,0.923077,0.209231
326,0.886503,0.923313,0.208589
327,0.88685,0.923547,0.211009
328,0.887195,0.92378,0.213415
329,0.887538,0.924012,0.212766
330,0.887879,0.924242,0.215152
331,0.888218,0.924471,0.217523
332,0.888554,0.924699,0.216867
333,0.885886,0.924925,0.216216
334,0.886228,0.92515,0.215569
335,0.886567,0.925373,0.214925
336,0.886905,0.925595,0.214286
337,0.88724,0.925816,0.21365
338,0.887574,0.926036,0.213018
339,0.887906,0.926254,0.215339
340,0.888235,0.926471,0.214706
341,0.888563,0.926686,0.214076
342,0.888889,0.926901,0.216374
343,0.889213,0.927114,0.215743
344,0.889535,0.927326,0.218023
345,0.889855,0.927536,0.217391
346,0.890173,0.927746,0.216763
347,0.887608,0.927954,0.216138
348,0.887931,0.928161,0.218391
349,0.888252,0.928367,0.217765
350,0.888571,0.928571,0.217143
351,0.888889,0.925926,0.216524
352,0.889205,0.926136,0.215909
353,0.889518,0.926346,0.215297
354,0.889831,0.926554,0.214689
355,0.890141,0.926761,0.214085
356,0.890449,0.926966,0.216292
357,0.890756,0.927171,0.215686
358,0.891061,0.927374,0.215084
359,0.891365,0.927577,0.214485
360,0.891667,0.927778,0.213889
361,0.891967,0.927978,0.213296
362,0.892265,0.928177,0.212707
363,0.892562,0.928375,0.214876
364,0.892857,0.928571,0.214286
365,0.893151,0.928767,0.216438
366,0.893443,0.928962,0.215847
367,0.891008,0.929155,0.217984
368,0.888587,0.929348,0.217391
369,0.886179,0.929539,0.216802
370,0.886486,0.92973,0.216216
371,0.886792,0.929919,0.218329
372,0.887097,0.930108,0.22043
373,0.887399,0.930295,0.22252
374,0.885027,0.930481,0.224599
375,0.885333,0.930667,0.224
376,0.885638,0.928191,0.223404
377,0.885942,0.928382,0.222812
378,0.886243,0.928571,0.222222
379,0.886544,0.92876,0.221636
380,0.886842,0.928947,0.221053
381,0.887139,0.929134,0.223097
382,0.887435,0.929319,0.225131
383,0.887728,0.929504,0.224543
384,0.888021,0.929688,0.223958
385,0.888312,0.92987,0.223377
386,0.888601,0.930052,0.222798
387,0.888889,0.930233,0.224806
388,0.889175,0.930412,0.224227
389,0.88946,0.930591,0.22365
390,0.889744,0.930769,0.225641
391,0.890026,0.930946,0.225064
392,0.890306,0.931122,0.227041
393,0.890585,0.931298,0.229008
394,0.890863,0.931472,0.228426
395,0.891139,0.931646,0.227848
396,0.891414,0.931818,0.227273
397,0.891688,0.93199,0.229219
398,0.89196,0.932161,0.228643
399,0.892231,0.932331,0.22807
400,0.8925,0.9325,0.2275
401,0.892768,0.932668,0.226933
402,0.893035,0.932836,0.228856
403,0.8933,0.933002,0.228288
404,0.893564,0.933168,0.227723
405,0.893827,0.933333,0.22716
406,0.894089,0.933498,0.226601
407,0.894349,0.933661,0.226044
408,0.894608,0.933824,0.22549
409,0.894866,0.933985,0.224939
410,0.895122,0.934146,0.22439
411,0.895377,0.934307,0.223844
412,0.895631,0.934466,0.223301
413,0.895884,0.932203,0.22276
414,0.896135,0.932367,0.222222
415,0.896386,0.93253,0.221687
416,0.896635,0.932692,0.223558
417,0.896882,0.932854,0.223022
418,0.897129,0.933014,0.222488
419,0.897375,0.933174,0.221957
420,0.895238,0.933333,0.22381
421,0.895487,0.933492,0.223278
422,0.895735,0.933649,0.222749
423,0.895981,0.933806,0.222222
424,0.893868,0.933962,0.221698
425,0.894118,0.934118,0.223529
426,0.894366,0.934272,0.223005
427,0.894614,0.934426,0.222482
428,0.89486,0.934579,0.221963
429,0.895105,0.934732,0.221445
430,0.895349,0.934884,0.22093
431,0.895592,0.935035,0.220418
432,0.895833,0.935185,0.219907
433,0.893764,0.935335,0.2194
434,0.894009,0.935484,0.218894
435,0.894253,0.935632,0.218391
436,0.894495,0.93578,0.21789
437,0.894737,0.935927,0.217391
438,0.894977,0.936073,0.216895
439,0.895216,0.936219,0.216401
440,0.895455,0.936364,0.218182
441,0.895692,0.936508,0.217687
442,0.895928,0.936652,0.217195
443,0.896163,0.936795,0.218962
444,0.894144,0.934685,0.218468
445,0.894382,0.934831,0.217978
446,0.894619,0.934978,0.219731
447,0.894855,0.935123,0.219239
448,0.895089,0.935268,0.21875
449,0.895323,0.935412,0.218263
450,0.895556,0.935556,0.217778
451,0.895787,0.935698,0.217295
452,0.896018,0.935841,0.216814
453,0.896247,0.935982,0.218543
454,0.896476,0.936123,0.218062
455,0.896703,0.936264,0.21978
456,0.89693,0.936404,0.219298
457,0.897155,0.936543,0.221007
458,0.89738,0.936681,0.220524
459,0.897603,0.936819,0.220044
460,0.897826,0.936957,0.219565
461,0.898048,0.937093,0.219089
462,0.898268,0.937229,0.218615
463,0.898488,0.937365,0.218143
464,0.898707,0.9375,0.217672
465,0.898925,0.937634,0.219355
466,0.899142,0.937768,0.218884
467,0.899358,0.937901,0.218415
468,0.899573,0.938034,0.220085
469,0.899787,0.938166,0.221748
470,0.9,0.938298,0.221277
471,0.900212,0.938429,0.220807
472,0.900424,0.938559,0.220339
473,0.900634,0.938689,0.221987
474,0.900844,0.938819,0.223629
475,0.901053,0.938947,0.225263
476,0.901261,0.939076,0.226891
477,0.901468,0.939203,0.226415
478,0.901674,0.937238,0.228033
479,0.901879,0.93737,0.227557
480,0.902083,0.9375,0.227083
481,0.902287,0.93763,0.226611
482,0.90249,0.937759,0.226141
483,0.900621,0.937888,0.225673
484,0.900826,0.938017,0.225207
485,0.901031,0.938144,0.226804
486,0.901235,0.938272,0.228395
487,0.899384,0.938398,0.227926
488,0.89959,0.938525,0.227459
489,0.899796,0.93865,0.226994
490,0.9,0.938776,0.226531
491,0.900204,0.9389,0.226069
492,0.900407,0.939024,0.227642
493,0.900609,0.939148,0.229209
494,0.90081,0.939271,0.228745
495,0.90101,0.939394,0.228283
496,0.90121,0.939516,0.227823
497,0.901408,0.939638,0.227364
498,0.901606,0.939759,0.228916
499,0.901804,0.93988,0.228457
500,0.902,0.94,0.228
501,0.902196,0.94012,0.227545
502,0.90239,0.940239,0.227092
503,0.900596,0.940358,0.22664
504,0.900794,0.940476,0.22619
505,0.90099,0.940594,0.225743
506,0.901186,0.940711,0.225296
507,0.901381,0.940828,0.224852
508,0.901575,0.940945,0.226378
509,0.901768,0.941061,0.225933
510,0.901961,0.941176,0.22549
511,0.902153,0.941292,0.225049
512,0.902344,0.941406,0.224609
513,0.902534,0.94152,0.224172
514,0.902724,0.941634,0.225681
515,0.902913,0.941748,0.225243
516,0.903101,0.94186,0.224806
517,0.903288,0.941973,0.226306
518,0.903475,0.942085,0.225869
519,0.903661,0.942197,0.22736
520,0.903846,0.942308,0.226923
521,0.904031,0.942418,0.226488
522,0.904215,0.942529,0.226054
523,0.904398,0.942639,0.225621
524,0.90458,0.942748,0.225191
525,0.904762,0.942857,0.224762
526,0.904943,0.942966,0.224335
527,0.905123,0.943074,0.223909
528,0.905303,0.943182,0.225379
529,0.905482,0.943289,0.224953
530,0.90566,0.943396,0.224528
531,0.905838,0.943503,0.224105
532,0.906015,0.943609,0.225564
533,0.906191,0.943715,0.225141
534,0.906367,0.94382,0.224719
535,0.906542,0.943925,0.224299
536,0.906716,0.94403,0.223881
537,0.90689,0.944134,0.223464
538,0.907063,0.944238,0.223048
539,0.907236,0.944341,0.222635
540,0.907407,0.944444,0.222222
541,0.907579,0.944547,0.221811
542,0.907749,0.944649,0.221402
543,0.907919,0.944751,0.220994
544,0.908088,0.944853,0.220588
545,0.908257,0.944954,0.222018
546,0.908425,0.945055,0.221612
547,0.908592,0.945155,0.221207
548,0.908759,0.945255,0.220803
549,0.908925,0.945355,0.220401
550,0.909091,0.945455,0.221818
551,0.909256,0.945554,0.221416
552,0.90942,0.945652,0.222826
553,0.909584,0.94575,0.224231
554,0.909747,0.945848,0.225632
555,0.90991,0.945946,0.225225
556,0.910072,0.946043,0.22482
557,0.910233,0.94614,0.224417
558,0.910394,0.946237,0.224014
559,0.908766,0.946333,0.223614
560,0.908929,0.946429,0.223214
561,0.909091,0.946524,0.222816
562,0.909253,0.946619,0.22242
563,0.909414,0.946714,0.222025
564,0.909574,0.946809,0.223404
565,0.909735,0.946903,0.223009
566,0.909894,0.946996,0.222615
567,0.910053,0.94709,0.222222
568,0.910211,0.947183,0.221831
569,0.910369,0.947276,0.223199
570,0.910526,0.947368,0.222807
571,0.910683,0.947461,0.222417
572,0.910839,0.947552,0.223776
573,0.90925,0.947644,0.223386
574,0.909408,0.947735,0.222997
575,0.909565,0.947826,0.222609
576,0.909722,0.947917,0.222222
577,0.909879,0.948007,0.221837
578,0.910035,0.948097,0.221453
579,0.91019,0.948187,0.221071
580,0.910345,0.948276,0.22069
581,0.910499,0.948365,0.222031
582,0.910653,0.948454,0.221649
583,0.910806,0.948542,0.221269
584,0.910959,0.94863,0.22089
585,0.911111,0.948718,0.220513
586,0.911263,0.948805,0.221843
587,0.911414,0.948893,0.221465
588,0.911565,0.94898,0.222789
589,0.911715,0.949066,0.222411
590,0.911864,0.949153,0.223729
591,0.912014,0.949239,0.22335
592,0.912162,0.949324,0.222973
593,0.91231,0.94941,0.222597
594,0.912458,0.949495,0.222222
595,0.912605,0.94958,0.223529
596,0.912752,0.949664,0.223154
597,0.912898,0.949749,0.222781
598,0.913043,0.949833,0.222408
599,0.913189,0.949917,0.222037
600,0.913333,0.95,0.221667
601,0.913478,0.950083,0.221298
602,0.913621,0.950166,0.222591
603,0.913765,0.950249,0.222222
604,0.913907,0.950331,0.22351
605,0.91405,0.950413,0.224793
606,0.914191,0.950495,0.224422
607,0.914333,0.950577,0.224053
608,0.914474,0.950658,0.225329
609,0.914614,0.950739,0.224959
610,0.914754,0.95082,0.22459
611,0.914894,0.9509,0.224223
612,0.915033,0.95098,0.223856
613,0.915171,0.95106,0.223491
614,0.915309,0.95114,0.223127
615,0.915447,0.95122,0.222764
616,0.915584,0.951299,0.222403
617,0.915721,0.951378,0.222042
618,0.915858,0.951456,0.221683
619,0.915994,0.951535,0.221325
620,0.916129,0.951613,0.220968
621,0.916264,0.951691,0.222222
622,0.916399,0.951768,0.221865
623,0.916533,0.951846,0.221509
624,0.916667,0.951923,0.221154
625,0.9168,0.952,0.2208
626,0.916933,0.952077,0.220447
627,0.917065,0.952153,0.220096
628,0.917197,0.952229,0.219745
629,0.917329,0.952305,0.220986
630,0.91746,0.952381,0.220635
631,0.917591,0.952456,0.220285
632,0.917722,0.952532,0.219937
633,0.917852,0.952607,0.219589
634,0.917981,0.952681,0.219243
635,0.91811,0.952756,0.218898
636,0.918239,0.95283,0.218553
637,0.918367,0.952904,0.21821
638,0.918495,0.952978,0.219436
639,0.918623,0.953052,0.219092
640,0.91875,0.953125,0.220312
641,0.918877,0.953198,0.219969
642,0.919003,0.953271,0.219626
643,0.919129,0.953344,0.219285
644,0.919255,0.953416,0.218944
645,0.91938,0.953488,0.218605
646,0.919505,0.95356,0.218266
647,0.919629,0.953632,0.217929
648,0.919753,0.953704,0.219136
649,0.919877,0.953775,0.218798
650,0.92,0.953846,0.218462
651,0.920123,0.953917,0.218126
652,0.920245,0.953988,0.219325
653,0.920368,0.954058,0.218989
654,0.920489,0.954128,0.218654
655,0.919084,0.954198,0.218321
656,0.919207,0.954268,0.219512
657,0.91933,0.954338,0.219178
658,0.919453,0.954407,0.220365
659,0.919575,0.954476,0.221548
660,0.919697,0.954545,0.221212
661,0.919818,0.954614,0.220877
662,0.918429,0.954683,0.220544
663,0.918552,0.954751,0.220211
664,0.918675,0.954819,0.21988
665,0.918797,0.954887,0.219549
666,0.918919,0.954955,0.219219
667,0.91904,0.955022,0.218891
668,0.919162,0.95509,0.22006
669,0.919283,0.955157,0.221226
670,0.919403,0.955224,0.220896
671,0.919523,0.955291,0.220566
672,0.919643,0.955357,0.221726
673,0.919762,0.955423,0.221397
674,0.919881,0.95549,0.221068
675,0.92,0.955556,0.220741
676,0.920118,0.955621,0.221893
677,0.920236,0.955687,0.223043
678,0.920354,0.955752,0.222714
679,0.920471,0.955817,0.222386
680,0.920588,0.955882,0.222059
681,0.920705,0.955947,0.221733
682,0.920821,0.956012,0.221408
683,0.920937,0.956076,0.221083
684,0.921053,0.95614,0.22076
685,0.921168,0.956204,0.220438
686,0.921283,0.956268,0.220117
687,0.921397,0.956332,0.219796
688,0.921512,0.956395,0.22093
689,0.921626,0.956459,0.22061
690,0.921739,0.956522,0.22029
691,0.921852,0.956585,0.219971
692,0.921965,0.956647,0.219653
693,0.922078,0.95671,0.219336
694,0.92219,0.956772,0.220461
695,0.922302,0.956835,0.221583
696,0.922414,0.956897,0.221264
697,0.922525,0.956958,0.222382
698,0.922636,0.95702,0.222063
699,0.922747,0.957082,0.221745
700,0.922857,0.957143,0.221429
701,0.922967,0.957204,0.221113
702,0.921652,0.957265,0.222222
703,0.921764,0.957326,0.221906
704,0.921875,0.957386,0.221591
705,0.921986,0.957447,0.222695
706,0.922096,0.957507,0.22238
707,0.922207,0.957567,0.222065
708,0.922316,0.957627,0.221751
709,0.922426,0.957687,0.221439
710,0.922535,0.957746,0.221127
711,0.922644,0.957806,0.220816
712,0.922753,0.957865,0.220506
713,0.922861,0.957924,0.220196
714,0.922969,0.957983,0.219888
715,0.923077,0.958042,0.21958
716,0.923184,0.958101,0.219274
717,0.923291,0.958159,0.218968
718,0.923398,0.958217,0.218663
719,0.923505,0.958275,0.218359
720,0.923611,0.958333,0.218056
721,0.923717,0.958391,0.217753
722,0.923823,0.958449,0.217452
723,0.923928,0.958506,0.217151
724,0.924033,0.958564,0.216851
725,0.924138,0.958621,0.216552
726,0.924242,0.958678,0.217631
727,0.924347,0.958735,0.217331
728,0.924451,0.958791,0.217033
729,0.924554,0.958848,0.216735
730,0.924658,0.958904,0.216438
731,0.924761,0.95896,0.21751
732,0.924863,0.959016,0.217213
733,0.924966,0.959072,0.218281
734,0.925068,0.959128,0.217984
735,0.92517,0.957823,0.217687
736,0.925272,0.95788,0.217391
737,0.925373,0.957938,0.217096
738,0.925474,0.957995,0.216802
739,0.925575,0.958051,0.216509
740,0.925676,0.958108,0.216216
741,0.925776,0.958165,0.215924
742,0.925876,0.958221,0.216981
743,0.925976,0.958277,0.218035
744,0.926075,0.958333,0.217742
745,0.926174,0.958389,0.21745
746,0.926273,0.958445,0.217158
747,0.926372,0.958501,0.216867
748,0.926471,0.958556,0.216578
749,0.926569,0.958611,0.216288
750,0.926667,0.958667,0.216
751,0.926764,0.958722,0.215712
752,0.926862,0.958777,0.215426
753,0.926959,0.958831,0.215139
754,0.927056,0.958886,0.214854
755,0.927152,0.95894,0.21457
756,0.927249,0.958995,0.214286
757,0.927345,0.959049,0.214003
758,0.927441,0.959103,0.21372
759,0.927536,0.959157,0.213439
760,0.927632,0.959211,0.213158
761,0.927727,0.959264,0.214192
762,0.927822,0.959318,0.213911
763,0.927916,0.959371,0.21363
764,0.92801,0.959424,0.21466
765,0.928105,0.959477,0.214379
766,0.928198,0.95953,0.214099
767,0.928292,0.959583,0.215124
768,0.928385,0.959635,0.214844
769,0.928479,0.959688,0.214564
770,0.927273,0.95974,0.214286
771,0.927367,0.959792,0.214008
772,0.927461,0.959845,0.213731
773,0.927555,0.959897,0.213454
774,0.927649,0.959948,0.213178
775,0.927742,0.96,0.212903
776,0.927835,0.960052,0.212629
777,0.927928,0.960103,0.212355
778,0.928021,0.960154,0.213368
779,0.928113,0.960205,0.214377
780,0.928205,0.960256,0.214103
781,0.928297,0.960307,0.213828
782,0.928389,0.960358,0.214834
783,0.92848,0.960409,0.214559
784,0.928571,0.960459,0.214286
785,0.928662,0.96051,0.214013
786,0.928753,0.96056,0.215013
787,0.928844,0.96061,0.21601
788,0.928934,0.96066,0.215736
789,0.929024,0.959442,0.215463
790,0.929114,0.959494,0.21519
791,0.929204,0.959545,0.214918
792,0.929293,0.959596,0.214646
793,0.929382,0.959647,0.215637
794,0.929471,0.959698,0.215365
795,0.92956,0.959748,0.215094
796,0.929648,0.959799,0.214824
797,0.929737,0.959849,0.214555
798,0.929825,0.9599,0.214286
799,0.929912,0.95995,0.214018
800,0.93,0.96,0.215
801,0.930087,0.96005,0.214732
802,0.930175,0.9601,0.214464
803,0.930262,0.960149,0.215442
804,0.930348,0.958955,0.215174
805,0.930435,0.959006,0.214907
806,0.930521,0.959057,0.21464
807,0.930607,0.959108,0.214374
808,0.930693,0.959158,0.214109
809,0.930779,0.959209,0.213844
810,0.930864,0.959259,0.21358
811,0.930949,0.959309,0.21455
812,0.931034,0.95936,0.214286
813,0.931119,0.95941,0.214022
814,0.931204,0.959459,0.213759
815,0.931288,0.959509,0.213497
816,0.931373,0.959559,0.213235
817,0.931457,0.959608,0.212974
818,0.93154,0.959658,0.213936
819,0.931624,0.959707,0.213675
820,0.931707,0.959756,0.213415
821,0.93179,0.959805,0.213155
822,0.931873,0.959854,0.212895
823,0.931956,0.959903,0.213852
824,0.932039,0.959951,0.213592
825,0.932121,0.96,0.214545
826,0.932203,0.960048,0.214286
827,0.932285,0.960097,0.214027
828,0.932367,0.960145,0.213768
829,0.931242,0.960193,0.21351
830,0.931325,0.959036,0.213253
831,0.931408,0.959085,0.212996
832,0.93149,0.959135,0.21274
833,0.931573,0.959184,0.213685
834,0.931655,0.959233,0.214628
835,0.931737,0.959281,0.214371
836,0.931818,0.95933,0.214115
837,0.9319,0.959379,0.213859
838,0.931981,0.959427,0.214797
839,0.932062,0.959476,0.215733
840,0.932143,0.959524,0.216667
841,0.932224,0.959572,0.216409
842,0.932304,0.95962,0.216152
843,0.932384,0.959668,0.217082
844,0.932464,0.959716,0.216825
845,0.932544,0.959763,0.216568
846,0.932624,0.959811,0.217494
847,0.931523,0.959858,0.217237
848,0.931604,0.959906,0.21816
849,0.931684,0.959953,0.217903
850,0.931765,0.96,0.217647
851,0.931845,0.960047,0.217391
852,0.931925,0.960094,0.217136
853,0.932005,0.960141,0.216882
854,0.932084,0.960187,0.216628
855,0.932164,0.960234,0.216374
856,0.932243,0.96028,0.216121
857,0.932322,0.960327,0.215869
858,0.932401,0.960373,0.215618
859,0.93248,0.960419,0.215367
860,0.932558,0.960465,0.216279
861,0.932636,0.960511,0.216028
862,0.932715,0.960557,0.216937
863,0.932793,0.960603,0.216686
864,0.93287,0.960648,0.216435
865,0.932948,0.960694,0.216185
866,0.933025,0.960739,0.215935
867,0.933103,0.960784,0.21684
868,0.93318,0.960829,0.21659
869,0.933257,0.960875,0.216341
870,0.933333,0.95977,0.216092
871,0.93341,0.959816,0.215844
872,0.933486,0.959862,0.215596
873,0.933562,0.959908,0.215349
874,0.933638,0.959954,0.215103
875,0.933714,0.96,0.214857
876,0.93379,0.960046,0.214612
877,0.933865,0.960091,0.214367
878,0.933941,0.960137,0.214123
879,0.934016,0.960182,0.215017
880,0.934091,0.960227,0.214773
881,0.934166,0.960272,0.214529
882,0.93424,0.960317,0.214286
883,0.934315,0.960362,0.214043
884,0.934389,0.960407,0.213801
885,0.934463,0.960452,0.214689
886,0.934537,0.960497,0.214447
887,0.934611,0.960541,0.214205
888,0.934685,0.960586,0.213964
889,0.934758,0.96063,0.213723
890,0.934831,0.960674,0.213483
891,0.934905,0.960718,0.213244
892,0.933857,0.960762,0.214126
893,0.933931,0.960806,0.213886
894,0.934004,0.96085,0.213647
895,0.934078,0.960894,0.213408
896,0.934152,0.960938,0.21317
897,0.934225,0.960981,0.214047
898,0.934298,0.961024,0.213808
899,0.934372,0.961068,0.214683
900,0.934444,0.961111,0.214444
901,0.934517,0.961154,0.214206
902,0.93459,0.961197,0.213969
903,0.934662,0.96124,0.213732
904,0.934735,0.961283,0.213496
905,0.934807,0.961326,0.21326
906,0.934879,0.961369,0.213024
907,0.93495,0.961411,0.212789
908,0.935022,0.961454,0.212555
909,0.935094,0.961496,0.212321
910,0.935165,0.961538,0.212088
911,0.935236,0.961581,0.211855
912,0.935307,0.961623,0.211623
913,0.935378,0.961665,0.211391
914,0.935449,0.961707,0.21116
915,0.935519,0.961749,0.212022
916,0.93559,0.96179,0.21179
917,0.93566,0.961832,0.211559
918,0.93573,0.961874,0.211329
919,0.9358,0.961915,0.211099
920,0.93587,0.961957,0.21087
921,0.935939,0.961998,0.210641
922,0.936009,0.962039,0.211497
923,0.936078,0.96208,0.211268
924,0.936147,0.962121,0.211039
925,0.936216,0.962162,0.210811
926,0.935205,0.962203,0.210583
927,0.935275,0.962244,0.210356
928,0.935345,0.962284,0.210129
929,0.934338,0.962325,0.209903
930,0.934409,0.962366,0.209677
931,0.934479,0.962406,0.209452
932,0.934549,0.962446,0.209227
933,0.93462,0.962487,0.209003
934,0.93469,0.962527,0.208779
935,0.934759,0.962567,0.208556
936,0.934829,0.962607,0.208333
937,0.934899,0.962647,0.208111
938,0.934968,0.962687,0.207889
939,0.935037,0.962726,0.207668
940,0.935106,0.962766,0.207447
941,0.935175,0.962806,0.207226
942,0.935244,0.962845,0.207006
943,0.935313,0.962884,0.206787
944,0.935381,0.962924,0.206568
945,0.93545,0.962963,0.206349
946,0.935518,0.963002,0.206131
947,0.935586,0.963041,0.205913
948,0.935654,0.96308,0.205696
949,0.935722,0.963119,0.206533
950,0.935789,0.963158,0.206316
951,0.935857,0.963197,0.206099
952,0.935924,0.963235,0.206933
953,0.935992,0.963274,0.206716
954,0.936059,0.963312,0.206499
955,0.936126,0.963351,0.20733
956,0.936192,0.963389,0.207113
957,0.936259,0.963427,0.206897
958,0.936326,0.963466,0.206681
959,0.936392,0.963504,0.206465
960,0.936458,0.963542,0.20625
961,0.935484,0.96358,0.206035
962,0.935551,0.963617,0.205821
963,0.934579,0.963655,0.206646
964,0.934647,0.963693,0.206432
965,0.933679,0.963731,0.206218
966,0.933747,0.963768,0.206004
967,0.933816,0.963806,0.205791
968,0.933884,0.963843,0.206612
969,0.933953,0.96388,0.206398
970,0.934021,0.963918,0.206186
971,0.934089,0.963955,0.205973
972,0.934156,0.963992,0.205761
973,0.934224,0.964029,0.20555
974,0.934292,0.964066,0.205339
975,0.934359,0.964103,0.205128
976,0.934426,0.964139,0.204918
977,0.934493,0.964176,0.205732
978,0.93456,0.964213,0.205521
979,0.934627,0.964249,0.205312
980,0.934694,0.964286,0.205102
981,0.93476,0.964322,0.204893
982,0.934827,0.964358,0.204684
983,0.934893,0.964395,0.205493
984,0.934959,0.964431,0.205285
985,0.935025,0.964467,0.205076
986,0.935091,0.964503,0.204868
987,0.935157,0.964539,0.204661
988,0.935223,0.964575,0.204453
989,0.935288,0.964611,0.204247
990,0.935354,0.964646,0.20404
991,0.935419,0.964682,0.204844
992,0.935484,0.964718,0.204637
993,0.935549,0.964753,0.204431
994,0.934608,0.964789,0.204225
995,0.934673,0.964824,0.20402
996,0.934739,0.964859,0.203815
997,0.934804,0.964895,0.203611
998,0.93487,0.96493,0.203407
999,0.934935,0.964965,0.203203
1000,0.935,0.965,0.203
1001,0.935065,0.965035,0.202797
1002,0.93513,0.96507,0.203593
1003,0.935194,0.965105,0.204387
1004,0.935259,0.965139,0.205179
1005,0.935323,0.965174,0.204975
1006,0.935388,0.965209,0.205765
1007,0.935452,0.965243,0.205561
1008,0.935516,0.965278,0.205357
1009,0.93558,0.965312,0.206145
1010,0.935644,0.965347,0.205941
1011,0.935707,0.965381,0.205737
1012,0.935771,0.965415,0.205534
1013,0.935834,0.965449,0.205331
1014,0.934911,0.965483,0.205128
1015,0.934975,0.965517,0.204926
1016,0.935039,0.965551,0.204724
1017,0.935103,0.965585,0.204523
1018,0.935167,0.965619,0.204322
1019,0.935231,0.965653,0.205103
1020,0.935294,0.965686,0.204902
1021,0.935357,0.96572,0.205681
1022,0.935421,0.965753,0.205479
1023,0.935484,0.965787,0.205279
1024,0.935547,0.96582,0.205078
1025,0.93561,0.965854,0.204878
1026,0.935673,0.965887,0.205653
1027,0.935735,0.96592,0.205453
1028,0.935798,0.965953,0.205253
1029,0.93586,0.965986,0.205053
1030,0.935922,0.966019,0.204854
1031,0.935984,0.966052,0.204656
1032,0.936047,0.966085,0.204457
1033,0.936108,0.966118,0.205227
1034,0.93617,0.966151,0.205029
1035,0.936232,0.966184,0.204831
1036,0.936293,0.966216,0.204633
1037,0.936355,0.966249,0.204436
1038,0.936416,0.966281,0.204239
1039,0.936477,0.966314,0.204042
1040,0.936538,0.966346,0.203846
1041,0.936599,0.966378,0.20365
1042,0.93666,0.966411,0.203455
1043,0.936721,0.966443,0.20326
1044,0.936782,0.966475,0.203065
1045,0.936842,0.966507,0.203828
1046,0.936902,0.966539,0.203633
1047,0.936963,0.966571,0.203438
1048,0.937023,0.966603,0.203244
1049,0.937083,0.966635,0.203051
1050,0.93619,0.966667,0.202857
1051,0.936251,0.966698,0.202664
1052,0.936312,0.96673,0.202471
1053,0.936372,0.966762,0.202279
1054,0.936433,0.966793,0.202087
1055,0.936493,0.966825,0.202844
1056,0.936553,0.966856,0.203598
1057,0.936613,0.966887,0.203406
1058,0.936673,0.965974,0.204159
1059,0.935788,0.966006,0.20491
1060,0.935849,0.966038,0.204717
1061,0.93591,0.96607,0.205467
1062,0.93597,0.966102,0.205273
1063,0.93603,0.966134,0.20508
1064,0.93609,0.966165,0.204887
1065,0.93615,0.966197,0.205634
1066,0.93621,0.966229,0.205441
1067,0.93627,0.966261,0.205248
1068,0.93633,0.966292,0.205056
1069,0.936389,0.966324,0.2058
1070,0.935514,0.965421,0.205607
1071,0.935574,0.965453,0.206349
1072,0.935634,0.965485,0.20709
1073,0.935694,0.965517,0.206897
1074,0.935754,0.965549,0.207635
1075,0.935814,0.965581,0.207442
1076,0.935874,0.965613,0.207249
1077,0.935933,0.965645,0.207057
1078,0.935993,0.965677,0.207792
1079,0.936052,0.965709,0.208526
1080,0.936111,0.965741,0.208333
1081,0.93617,0.965772,0.208141
1082,0.936229,0.965804,0.207948
1083,0.936288,0.965836,0.207756
1084,0.936347,0.965867,0.207565
1085,0.936406,0.965899,0.208295
1086,0.936464,0.96593,0.209024
1087,0.936523,0.965961,0.208832
1088,0.936581,0.965993,0.20864
1089,0.936639,0.966024,0.209366
1090,0.936697,0.966055,0.209174
1091,0.936755,0.966086,0.208983
1092,0.936813,0.966117,0.208791
1093,0.936871,0.966148,0.2086
1094,0.936929,0.966179,0.20841
1095,0.936986,0.96621,0.208219
1096,0.937044,0.966241,0.208029
1097,0.937101,0.966272,0.208751
1098,0.937158,0.966302,0.208561
1099,0.937216,0.966333,0.208371
1100,0.937273,0.966364,0.208182
1101,0.93733,0.966394,0.207993
1102,0.937387,0.966425,0.207804
1103,0.937443,0.966455,0.207616
1104,0.9375,0.966486,0.207428
1105,0.937557,0.966516,0.20724
1106,0.937613,0.966546,0.207052
1107,0.937669,0.966576,0.206865
1108,0.937726,0.966606,0.206679
1109,0.937782,0.966637,0.206492
1110,0.937838,0.966667,0.206306
1111,0.937894,0.966697,0.206121
1112,0.93795,0.966727,0.205935
1113,0.938005,0.966757,0.20575
1114,0.938061,0.966786,0.205566
1115,0.938117,0.966816,0.205381
1116,0.938172,0.966846,0.205197
1117,0.938227,0.966876,0.205013
1118,0.938283,0.966905,0.205725
1119,0.938338,0.966935,0.205541
1120,0.938393,0.966964,0.20625
1121,0.937556,0.966994,0.206066
1122,0.937611,0.967023,0.206774
1123,0.937667,0.967053,0.20748
1124,0.937722,0.967082,0.208185
1125,0.937778,0.967111,0.208889
1126,0.937833,0.96714,0.209591
1127,0.937888,0.967169,0.210293
1128,0.937943,0.967199,0.210106
1129,0.937998,0.967228,0.20992
1130,0.938053,0.967257,0.209735
1131,0.938108,0.967286,0.209549
1132,0.938163,0.967314,0.210247
1133,0.938217,0.967343,0.210062
1134,0.938272,0.967372,0.209877
1135,0.938326,0.967401,0.210573
1136,0.93838,0.96743,0.210387
1137,0.938434,0.967458,0.210202
1138,0.938489,0.967487,0.210018
1139,0.938543,0.967515,0.209833
1140,0.938596,0.967544,0.209649
1141,0.93865,0.967572,0.209465
1142,0.938704,0.967601,0.209282
1143,0.938758,0.967629,0.209099
1144,0.938811,0.967657,0.20979
1145,0.938865,0.967686,0.209607
1146,0.938918,0.967714,0.209424
1147,0.938971,0.967742,0.209241
1148,0.939024,0.96777,0.209059
1149,0.939077,0.967798,0.209748
1150,0.93913,0.967826,0.209565
1151,0.939183,0.967854,0.209383
1152,0.939236,0.967882,0.209201
1153,0.939289,0.96791,0.20902
1154,0.939341,0.967938,0.208839
1155,0.939394,0.967965,0.208658
1156,0.939446,0.967993,0.208478
1157,0.939499,0.968021,0.208297
1158,0.939551,0.968048,0.208117
1159,0.939603,0.968076,0.207938
1160,0.939655,0.968103,0.207759
1161,0.939707,0.968131,0.20758
1162,0.939759,0.968158,0.207401
1163,0.939811,0.968186,0.207223
1164,0.939863,0.968213,0.207045
1165,0.939914,0.96824,0.206867
1166,0.939966,0.968268,0.20669
1167,0.940017,0.968295,0.206512
1168,0.940068,0.968322,0.207192
1169,0.94012,0.968349,0.207015
1170,0.940171,0.968376,0.206838
1171,0.940222,0.968403,0.206661
1172,0.940273,0.96843,0.206485
1173,0.940324,0.968457,0.206309
1174,0.940375,0.968484,0.206133
1175,0.940426,0.968511,0.206809
1176,0.940476,0.968537,0.207483
1177,0.940527,0.968564,0.207307
1178,0.939728,0.968591,0.207131
1179,0.939779,0.968617,0.206955
1180,0.938983,0.968644,0.207627
1181,0.939035,0.968671,0.208298
1182,0.939086,0.968697,0.208122
1183,0.939138,0.968724,0.207946
1184,0.939189,0.96875,0.20777
1185,0.939241,0.968776,0.207595
1186,0.939292,0.968803,0.20742
1187,0.939343,0.968829,0.207245
1188,0.939394,0.968855,0.207071
1189,0.939445,0.968881,0.207738
1190,0.939496,0.968908,0.207563
1191,0.939547,0.968934,0.207389
1192,0.939597,0.96896,0.207215
1193,0.939648,0.968986,0.207041
1194,0.939698,0.969012,0.206868
1195,0.939749,0.969038,0.206695
1196,0.939799,0.969064,0.206522
1197,0.93985,0.969089,0.206349
1198,0.9399,0.969115,0.206177
1199,0.93995,0.969141,0.206005
1200,0.939167,0.969167,0.205833
1201,0.939217,0.969192,0.205662
1202,0.939268,0.969218,0.205491
1203,0.939318,0.969244,0.20532
1204,0.939369,0.969269,0.20515
1205,0.939419,0.969295,0.204979
1206,0.939469,0.96932,0.204809
1207,0.939519,0.969345,0.205468
1208,0.93957,0.969371,0.205298
1209,0.93962,0.969396,0.205128
1210,0.939669,0.969421,0.204959
1211,0.939719,0.969447,0.204789
1212,0.939769,0.969472,0.205446
1213,0.939819,0.969497,0.206101
1214,0.939868,0.969522,0.205931
1215,0.939918,0.969547,0.206584
1216,0.939967,0.969572,0.206414
1217,0.940016,0.969597,0.207067
1218,0.940066,0.969622,0.206897
1219,0.940115,0.969647,0.207547
1220,0.940164,0.969672,0.207377
1221,0.940213,0.969697,0.207207
1222,0.940262,0.969722,0.207038
1223,0.940311,0.969747,0.206868
1224,0.940359,0.969771,0.206699
1225,0.940408,0.969796,0.206531
1226,0.940457,0.969005,0.207178
1227,0.940505,0.96903,0.207824
1228,0.940554,0.969055,0.208469
1229,0.940602,0.969081,0.209113
1230,0.94065,0.969106,0.208943
1231,0.940699,0.969131,0.209586
1232,0.940747,0.969156,0.210227
1233,0.940795,0.969181,0.210057
1234,0.940843,0.969206,0.209887
1235,0.940891,0.969231,0.209717
1236,0.940939,0.969256,0.209547
1237,0.940986,0.969281,0.210186
1238,0.941034,0.969305,0.210016
1239,0.941082,0.968523,0.209847
1240,0.941129,0.968548,0.209677
1241,0.941176,0.968574,0.209508
1242,0.941224,0.968599,0.210145
1243,0.941271,0.968624,0.209976
1244,0.941318,0.96865,0.209807
1245,0.941365,0.968675,0.209639
1246,0.941413,0.9687,0.20947
1247,0.94146,0.968725,0.209302
1248,0.941506,0.96875,0.209135
1249,0.941553,0.968775,0.209768
1250,0.9416,0.9688,0.2096
1251,0.941647,0.968825,0.210232
1252,0.941693,0.96885,0.210863
1253,0.94174,0.968875,0.211492
1254,0.941786,0.9689,0.212121
1255,0.941833,0.968924,0.212749
1256,0.941879,0.968949,0.21258
1257,0.941925,0.968974,0.212411
1258,0.941971,0.968998,0.212242
1259,0.942017,0.969023,0.212073
1260,0.942063,0.969048,0.212698
1261,0.942109,0.969072,0.21253
1262,0.942155,0.969097,0.213154
1263,0.942201,0.969121,0.212985
1264,0.942247,0.969146,0.213608
1265,0.942292,0.96917,0.214229
1266,0.942338,0.969194,0.21485
1267,0.942384,0.969219,0.21468
1268,0.942429,0.969243,0.214511
1269,0.942474,0.969267,0.214342
1270,0.94252,0.969291,0.214173
1271,0.942565,0.969315,0.214792
1272,0.94261,0.96934,0.214623
1273,0.942655,0.969364,0.214454
1274,0.9427,0.969388,0.214286
1275,0.942745,0.969412,0.214118
1276,0.94279,0.969436,0.21395
1277,0.942835,0.96946,0.214565
1278,0.942879,0.969484,0.214397
1279,0.942924,0.969507,0.21423
1280,0.942969,0.969531,0.214062
1281,0.943013,0.969555,0.214676
1282,0.943058,0.969579,0.214509
1283,0.943102,0.969602,0.214341
1284,0.943146,0.969626,0.214953
1285,0.943191,0.96965,0.214786
1286,0.943235,0.969673,0.214619
1287,0.943279,0.969697,0.214452
1288,0.943323,0.96972,0.214286
1289,0.943367,0.969744,0.214119
1290,0.943411,0.969767,0.213953
1291,0.943455,0.969791,0.213788
1292,0.943498,0.969814,0.214396
1293,0.943542,0.969838,0.21423
1294,0.943586,0.969861,0.214065
1295,0.943629,0.969884,0.2139
1296,0.943673,0.969907,0.213735
1297,0.943716,0.969931,0.21357
1298,0.94376,0.969954,0.213405
1299,0.943803,0.969977,0.213241
1300,0.943846,0.97,0.213077
1301,0.943889,0.970023,0.213682
1302,0.943932,0.970046,0.213518
1303,0.943975,0.970069,0.214121
1304,0.944018,0.970092,0.213957
1305,0.944061,0.970115,0.213793
1306,0.944104,0.970138,0.213629
1307,0.944147,0.970161,0.213466
1308,0.94419,0.970183,0.214067
1309,0.944232,0.970206,0.213904
1310,0.944275,0.970229,0.21374
1311,0.944317,0.970252,0.213577
1312,0.94436,0.970274,0.213415
1313,0.944402,0.970297,0.213252
1314,0.944444,0.97032,0.213851
1315,0.944487,0.970342,0.213688
1316,0.944529,0.970365,0.213526
1317,0.944571,0.970387,0.213364
1318,0.944613,0.97041,0.213202
1319,0.943897,0.970432,0.213798
1320,0.943182,0.970455,0.214394
1321,0.943225,0.970477,0.214232
1322,0.943268,0.970499,0.21407
1323,0.943311,0.970522,0.213908
1324,0.943353,0.970544,0.214502
1325,0.943396,0.970566,0.21434
1326,0.943439,0.970588,0.214178
1327,0.943482,0.97061,0.214017
1328,0.943524,0.970633,0.213855
1329,0.943567,0.970655,0.214447
1330,0.943609,0.970677,0.214286
1331,0.943651,0.970699,0.214125
1332,0.943694,0.970721,0.213964
1333,0.943736,0.970743,0.214554
1334,0.943778,0.970765,0.214393
1335,0.94382,0.970787,0.214232
1336,0.943862,0.970808,0.214072
1337,0.943904,0.97083,0.213912
1338,0.943946,0.970852,0.213752
1339,0.943241,0.970874,0.214339
1340,0.943284,0.970896,0.214925
1341,0.943326,0.970917,0.214765
1342,0.943368,0.970939,0.214605
1343,0.94341,0.970961,0.214445
1344,0.943452,0.970982,0.214286
1345,0.943494,0.971004,0.214126
1346,0.943536,0.971025,0.213967
1347,0.943578,0.971047,0.213808
1348,0.94362,0.971068,0.21365
1349,0.943662,0.97109,0.213491
1350,0.942963,0.971111,0.214074
1351,0.943005,0.971132,0.213916
1352,0.943047,0.971154,0.213757
1353,0.943089,0.971175,0.213599
1354,0.943131,0.971196,0.213442
1355,0.943173,0.971218,0.213284
1356,0.943215,0.971239,0.213127
1357,0.943257,0.97126,0.213707
1358,0.943299,0.971281,0.213549
1359,0.943341,0.971302,0.213392
1360,0.943382,0.971324,0.213235
1361,0.943424,0.971345,0.213813
1362,0.943465,0.971366,0.213656
1363,0.943507,0.971387,0.214233
1364,0.943548,0.971408,0.214076
1365,0.94359,0.971429,0.213919
1366,0.943631,0.971449,0.213763
1367,0.943672,0.97147,0.213606
1368,0.943713,0.971491,0.214181
1369,0.943755,0.971512,0.214025
1370,0.943796,0.971533,0.213869
1371,0.943837,0.971554,0.213713
1372,0.943878,0.971574,0.213557
1373,0.943918,0.971595,0.21413
1374,0.943959,0.971616,0.213974
1375,0.944,0.971636,0.213818
1376,0.944041,0.971657,0.213663
1377,0.944081,0.971678,0.213508
1378,0.944122,0.971698,0.213353
1379,0.944162,0.971719,0.213923
1380,0.944203,0.971739,0.213768
1381,0.944243,0.97176,0.213613
1382,0.944284,0.97178,0.213459
1383,0.944324,0.9718,0.213304
1384,0.944364,0.971821,0.21315
1385,0.944404,0.971841,0.212996
1386,0.944444,0.971861,0.212843
1387,0.943764,0.971882,0.212689
1388,0.943804,0.971902,0.212536
1389,0.943844,0.971922,0.212383
1390,0.943885,0.971942,0.21295
1391,0.943925,0.971963,0.212797
1392,0.943966,0.971983,0.212644
1393,0.944006,0.972003,0.212491
1394,0.944046,0.972023,0.212339
1395,0.944086,0.972043,0.212186
1396,0.944126,0.972063,0.212034
1397,0.944166,0.972083,0.211883
1398,0.944206,0.972103,0.212446
1399,0.944246,0.972123,0.212294
1400,0.944286,0.972143,0.212143
1401,0.944325,0.972163,0.211991
1402,0.944365,0.972183,0.21184
1403,0.944405,0.972202,0.211689
1404,0.944444,0.972222,0.211538
1405,0.944484,0.972242,0.211388
1406,0.944523,0.972262,0.211949
1407,0.944563,0.972281,0.212509
1408,0.944602,0.972301,0.213068
1409,0.944642,0.972321,0.212917
1410,0.944681,0.97234,0.212766
1411,0.94472,0.97236,0.212615
1412,0.944759,0.97238,0.213173
1413,0.944798,0.972399,0.213022
1414,0.944837,0.972419,0.212871
1415,0.944876,0.972438,0.213428
1416,0.944915,0.972458,0.213277
1417,0.944954,0.972477,0.213126
1418,0.944993,0.972496,0.212976
1419,0.945032,0.972516,0.212826
1420,0.94507,0.972535,0.212676
1421,0.945109,0.972555,0.21323
1422,0.945148,0.972574,0.21308
1423,0.945186,0.972593,0.21293
1424,0.945225,0.972612,0.212781
1425,0.945263,0.972632,0.212632
1426,0.945302,0.972651,0.212482
1427,0.94534,0.97267,0.212334
1428,0.945378,0.972689,0.212185
1429,0.945416,0.972708,0.212036
1430,0.945455,0.972727,0.211888
1431,0.945493,0.972746,0.21174
1432,0.945531,0.972765,0.211592
1433,0.945569,0.972784,0.212142
1434,0.945607,0.972803,0.211994
1435,0.945645,0.972822,0.211847
1436,0.945682,0.972841,0.211699
1437,0.94572,0.97286,0.211552
1438,0.945758,0.972879,0.2121
1439,0.945796,0.972898,0.211953
1440,0.945833,0.972917,0.211806
1441,0.945871,0.972935,0.212353
1442,0.945908,0.972954,0.212205
1443,0.945946,0.972973,0.212058
1444,0.945983,0.972992,0.212604
1445,0.946021,0.97301,0.212457
1446,0.946058,0.973029,0.21231
1447,0.946095,0.973048,0.212854
1448,0.946133,0.973066,0.212707
1449,0.94617,0.973085,0.21256
1450,0.946207,0.973103,0.213103
1451,0.946244,0.973122,0.212957
1452,0.946281,0.97314,0.21281
1453,0.946318,0.973159,0.213352
1454,0.946355,0.973177,0.213893
1455,0.946392,0.973196,0.213746
1456,0.946429,0.973214,0.213599
1457,0.946465,0.973233,0.213452
1458,0.946502,0.973251,0.213306
1459,0.946539,0.973269,0.213845
1460,0.946575,0.973288,0.213699
1461,0.946612,0.973306,0.213552
1462,0.946648,0.973324,0.213406
1463,0.946685,0.973342,0.213944
1464,0.946721,0.973361,0.213798
1465,0.946758,0.973379,0.213652
1466,0.946794,0.973397,0.214188
1467,0.94683,0.973415,0.214042
1468,0.946866,0.973433,0.213896
1469,0.946903,0.973451,0.213751
1470,0.946939,0.973469,0.213605
1471,0.946975,0.973487,0.21414
1472,0.947011,0.973505,0.214674
1473,0.947047,0.973523,0.214528
1474,0.947083,0.973541,0.214383
1475,0.947119,0.973559,0.214237
1476,0.947154,0.973577,0.214092
1477,0.94719,0.973595,0.213947
1478,0.947226,0.973613,0.214479
1479,0.947262,0.973631,0.214334
1480,0.947297,0.973649,0.214189
1481,0.947333,0.973666,0.214045
1482,0.947368,0.973684,0.214575
1483,0.947404,0.973702,0.21443
1484,0.947439,0.97372,0.214286
1485,0.947475,0.973737,0.214141
1486,0.94751,0.973755,0.213997
1487,0.947545,0.973773,0.213853
1488,0.947581,0.97379,0.21371
1489,0.947616,0.973808,0.213566
1490,0.947651,0.973826,0.213423
1491,0.947686,0.973843,0.21328
1492,0.947721,0.973861,0.213137
1493,0.947756,0.973878,0.212994
1494,0.947791,0.973896,0.213521
1495,0.947826,0.973913,0.213378
1496,0.947861,0.97393,0.213235
1497,0.947896,0.973948,0.213093
1498,0.947931,0.973965,0.212951
1499,0.947965,0.973983,0.212809
1500,0.948,0.974,0.212667
1501,0.948035,0.974017,0.212525
1502,0.948069,0.974035,0.212383
1503,0.948104,0.974052,0.212242
1504,0.948138,0.974069,0.212101
1505,0.948173,0.974086,0.21196
1506,0.948207,0.974104,0.211819
1507,0.948242,0.974121,0.211679
1508,0.948276,0.974138,0.211538
1509,0.94831,0.974155,0.211398
1510,0.948344,0.974172,0.211921
1511,0.947717,0.974189,0.21178
1512,0.947751,0.974206,0.21164
1513,0.947786,0.974223,0.2115
1514,0.94782,0.97424,0.211361
1515,0.947855,0.974257,0.211221
1516,0.947889,0.974274,0.211082
1517,0.947924,0.974291,0.210943
1518,0.947958,0.974308,0.210804
1519,0.947992,0.974325,0.210665
1520,0.948026,0.974342,0.210526
1521,0.94806,0.974359,0.211045
1522,0.948095,0.974376,0.211564
1523,0.948129,0.974393,0.211425
1524,0.948163,0.974409,0.211286
1525,0.948197,0.974426,0.211803
1526,0.948231,0.974443,0.211664
1527,0.948265,0.97446,0.211526
1528,0.948298,0.974476,0.212042
1529,0.948332,0.974493,0.211903
1530,0.948366,0.97451,0.211765
1531,0.9484,0.974526,0.211626
1532,0.948433,0.974543,0.211488
1533,0.948467,0.97456,0.21135
1534,0.948501,0.974576,0.211213
1535,0.948534,0.974593,0.211075
1536,0.948568,0.974609,0.211589
1537,0.948601,0.974626,0.211451
1538,0.948635,0.974642,0.211313
1539,0.948668,0.974659,0.211176
1540,0.948701,0.974675,0.211039
1541,0.948735,0.974692,0.210902
1542,0.948768,0.974708,0.211414
1543,0.948801,0.974725,0.211925
1544,0.948834,0.974741,0.211788
1545,0.948867,0.974757,0.212298
1546,0.9489,0.974774,0.212807
1547,0.948933,0.97479,0.21267
1548,0.948966,0.974806,0.213178
1549,0.948999,0.974822,0.213041
1550,0.948387,0.974839,0.212903
1551,0.94842,0.974855,0.212766
1552,0.948454,0.974871,0.212629
1553,0.948487,0.974887,0.212492
1554,0.94852,0.974903,0.212355
1555,0.948553,0.97492,0.212219
1556,0.948586,0.974936,0.212082
1557,0.948619,0.974952,0.212588
1558,0.948652,0.974968,0.213094
1559,0.948044,0.974984,0.212957
1560,0.948077,0.975,0.213462
1561,0.94811,0.975016,0.213325
1562,0.948143,0.975032,0.213188
1563,0.948177,0.975048,0.213052
1564,0.94821,0.975064,0.212916
1565,0.948243,0.97508,0.21278
1566,0.948276,0.975096,0.212644
1567,0.948309,0.975112,0.212508
1568,0.948342,0.975128,0.212372
1569,0.948375,0.975143,0.212237
1570,0.948408,0.975159,0.212102
1571,0.94844,0.975175,0.211967
1572,0.948473,0.975191,0.211832
1573,0.948506,0.975207,0.212333
1574,0.948539,0.975222,0.212198
1575,0.948571,0.975238,0.212063
1576,0.948604,0.975254,0.211929
1577,0.948637,0.975269,0.211795
1578,0.948669,0.975285,0.21166
1579,0.948702,0.975301,0.211526
1580,0.948734,0.975316,0.211392
1581,0.948767,0.975332,0.211891
1582,0.948799,0.975348,0.211757
1583,0.948831,0.975363,0.211623
1584,0.948864,0.975379,0.21149
1585,0.948896,0.975394,0.211356
1586,0.948928,0.97541,0.211223
1587,0.94896,0.975425,0.21172
1588,0.948992,0.975441,0.212217
1589,0.949025,0.975456,0.212712
1590,0.949057,0.975472,0.212579
1591,0.949089,0.975487,0.212445
1592,0.949121,0.975503,0.212312
1593,0.949153,0.975518,0.212178
1594,0.949184,0.975533,0.212045
1595,0.949216,0.975549,0.211912
1596,0.949248,0.975564,0.211779
1597,0.94928,0.975579,0.211647
1598,0.949312,0.975594,0.21214
1599,0.949343,0.97561,0.212008
1600,0.949375,0.975625,0.211875
1601,0.949407,0.97564,0.212367
1602,0.949438,0.975655,0.212859
1603,0.94947,0.975671,0.212726
1604,0.949501,0.975686,0.212594
1605,0.949533,0.975701,0.213084
1606,0.949564,0.975716,0.212951
1607,0.949596,0.975731,0.213441
1608,0.949627,0.975746,0.213308
1609,0.949658,0.975761,0.213176
1610,0.949689,0.975776,0.213043
1611,0.949721,0.975791,0.212911
1612,0.949752,0.975806,0.212779
1613,0.949783,0.975821,0.212647
1614,0.949814,0.975836,0.212515
1615,0.949845,0.975851,0.212384
1616,0.949876,0.975866,0.212252
1617,0.949907,0.975881,0.212121
1618,0.949938,0.975896,0.21199
1619,0.949969,0.975911,0.211859
1620,0.95,0.975926,0.211728
1621,0.950031,0.975941,0.212215
1622,0.950062,0.975956,0.212084
1623,0.950092,0.97597,0.211953
1624,0.950123,0.975985,0.211823
1625,0.950154,0.976,0.212308
1626,0.950185,0.976015,0.212177
1627,0.950215,0.97603,0.212047
1628,0.950246,0.976044,0.211916
1629,0.950276,0.976059,0.211786
1630,0.950307,0.976074,0.211656
1631,0.950337,0.976088,0.211527
1632,0.950368,0.976103,0.211397
1633,0.950398,0.976118,0.211268
1634,0.950428,0.976132,0.211138
1635,0.949847,0.976147,0.211009
1636,0.949878,0.976161,0.21088
1637,0.949908,0.976176,0.210751
1638,0.949939,0.97619,0.210623
1639,0.949969,0.976205,0.211104
1640,0.95,0.97622,0.210976
1641,0.95003,0.976234,0.210847
1642,0.950061,0.976248,0.210719
1643,0.950091,0.976263,0.21059
1644,0.950122,0.976277,0.210462
1645,0.950152,0.976292,0.210942
1646,0.950182,0.976306,0.210814
1647,0.950213,0.976321,0.211293
1648,0.950243,0.976335,0.211165
1649,0.950273,0.976349,0.211037
1650,0.949697,0.976364,0.211515
1651,0.949727,0.976378,0.211387
1652,0.949758,0.976392,0.211864
1653,0.949788,0.976407,0.211736
1654,0.949214,0.976421,0.211608
1655,0.949245,0.976435,0.21148
1656,0.949275,0.976449,0.211353
1657,0.949306,0.976463,0.211225
1658,0.949337,0.976478,0.211098
1659,0.949367,0.976492,0.21097
1660,0.949398,0.976506,0.210843
1661,0.949428,0.97652,0.210716
1662,0.949458,0.976534,0.21059
1663,0.949489,0.976548,0.210463
1664,0.949519,0.976562,0.210337
1665,0.94955,0.976577,0.210811
1666,0.94958,0.976591,0.210684
1667,0.94961,0.976605,0.210558
1668,0.94964,0.976619,0.211031
1669,0.94967,0.976633,0.211504
1670,0.949701,0.976647,0.211976
1671,0.949731,0.976661,0.211849
1672,0.949761,0.976675,0.211722
1673,0.949791,0.976689,0.211596
1674,0.949821,0.976105,0.21147
1675,0.949851,0.976119,0.211343
1676,0.949881,0.976134,0.211217
1677,0.949911,0.976148,0.211091
1678,0.94994,0.976162,0.210965
1679,0.94997,0.976176,0.21084
1680,0.95,0.97619,0.210714
1681,0.95003,0.976205,0.210589
1682,0.950059,0.976219,0.211058
1683,0.950089,0.976233,0.210933
1684,0.950119,0.976247,0.210808
1685,0.950148,0.976261,0.211276
1686,0.950178,0.976275,0.211151
1687,0.950207,0.976289,0.211025
1688,0.950237,0.976303,0.2109
1689,0.950266,0.976317,0.210776
1690,0.950296,0.976331,0.211243
1691,0.950325,0.976345,0.211118
1692,0.950355,0.976359,0.211584
1693,0.950384,0.976373,0.211459
1694,0.950413,0.976387,0.211334
1695,0.950442,0.976401,0.211209
1696,0.950472,0.976415,0.211085
1697,0.950501,0.976429,0.21155
1698,0.95053,0.976443,0.211425
1699,0.950559,0.976457,0.211301
1700,0.950588,0.976471,0.211176
1701,0.950617,0.976484,0.211052
1702,0.950646,0.976498,0.210928
1703,0.950675,0.976512,0.211392
1704,0.950704,0.976526,0.211854
1705,0.950733,0.97654,0.21173
1706,0.950762,0.976553,0.211606
1707,0.950791,0.976567,0.211482
1708,0.95082,0.976581,0.211358
1709,0.950848,0.976594,0.21182
1710,0.950877,0.976608,0.212281
1711,0.950906,0.976622,0.212157
1712,0.950935,0.976636,0.212033
1713,0.950963,0.976649,0.211909
1714,0.950992,0.976663,0.211785
1715,0.95102,0.976676,0.211662
1716,0.951049,0.97669,0.211538
1717,0.951077,0.976704,0.211998
1718,0.951106,0.976717,0.211874
1719,0.951134,0.976731,0.211751
1720,0.951163,0.976744,0.211628
1721,0.951191,0.976758,0.211505
1722,0.95122,0.976771,0.211382
1723,0.951248,0.976785,0.211259
1724,0.951276,0.976798,0.211137
1725,0.951304,0.976812,0.211014
1726,0.950753,0.976825,0.211472
1727,0.950782,0.976838,0.211349
1728,0.95081,0.976852,0.211227
1729,0.950839,0.976865,0.211105
1730,0.950867,0.976879,0.210983
1731,0.950895,0.976892,0.210861
1732,0.950924,0.976905,0.210739
1733,0.950952,0.976919,0.210617
1734,0.95098,0.976932,0.210496
1735,0.951009,0.976945,0.210375
1736,0.951037,0.976959,0.210253
1737,0.951065,0.976972,0.210708
1738,0.951093,0.976985,0.210587
1739,0.951121,0.976998,0.210466
1740,0.951149,0.977011,0.210345
1741,0.951177,0.977025,0.210224
1742,0.951206,0.977038,0.210103
1743,0.951234,0.977051,0.209983
1744,0.951261,0.977064,0.209862
1745,0.951289,0.977077,0.209742
1746,0.951317,0.97709,0.209622
1747,0.951345,0.977104,0.209502
1748,0.951373,0.977117,0.209382
1749,0.951401,0.97713,0.209262
1750,0.951429,0.977143,0.209143
1751,0.951456,0.977156,0.209023
1752,0.951484,0.977169,0.208904
1753,0.951512,0.977182,0.208785
1754,0.951539,0.977195,0.208666
1755,0.951567,0.977208,0.208547
1756,0.951595,0.977221,0.208428
1757,0.951622,0.977234,0.20831
1758,0.95165,0.977247,0.208191
1759,0.951677,0.97726,0.208073
1760,0.951705,0.977273,0.207955
1761,0.951732,0.977286,0.207836
1762,0.951759,0.977299,0.207719
1763,0.951787,0.977311,0.208168
1764,0.951814,0.977324,0.20805
1765,0.951841,0.977337,0.207932
1766,0.951869,0.97735,0.207814
1767,0.95133,0.977363,0.208263
1768,0.951357,0.977376,0.208145
1769,0.951385,0.977388,0.208027
1770,0.951412,0.977401,0.20791
1771,0.95144,0.977414,0.207792
1772,0.951467,0.977427,0.208239
1773,0.951495,0.977439,0.208122
1774,0.951522,0.977452,0.208568
1775,0.951549,0.977465,0.208451
1776,0.951577,0.977477,0.208333
1777,0.951604,0.97749,0.208216
1778,0.951631,0.977503,0.208661
1779,0.951658,0.977515,0.208544
1780,0.951685,0.977528,0.208427
1781,0.951713,0.977541,0.208871
1782,0.95174,0.977553,0.208754
1783,0.951767,0.977566,0.209198
1784,0.951794,0.977578,0.209641
1785,0.951821,0.977591,0.209524
1786,0.951848,0.977604,0.209406
1787,0.951875,0.977616,0.209289
1788,0.951902,0.977629,0.209172
1789,0.951928,0.977641,0.209055
1790,0.951955,0.977654,0.208939
1791,0.951982,0.977666,0.208822
1792,0.952009,0.977679,0.208705
1793,0.952036,0.977691,0.209147
1794,0.952062,0.977703,0.20903
1795,0.952089,0.977716,0.209471
1796,0.952116,0.977728,0.209354
1797,0.952142,0.977741,0.209238
1798,0.951613,0.977753,0.209121
1799,0.95164,0.977765,0.209005
1800,0.951667,0.977778,0.208889
1801,0.951694,0.97779,0.208773
1802,0.95172,0.977802,0.208657
1803,0.951747,0.977815,0.208541
1804,0.951774,0.977827,0.208426
1805,0.951801,0.977839,0.20831
1806,0.951827,0.977852,0.208195
1807,0.951854,0.977864,0.20808
1808,0.951881,0.977876,0.207965
1809,0.951907,0.977888,0.208402
1810,0.951381,0.977901,0.208287
1811,0.951408,0.977913,0.208724
1812,0.951435,0.977925,0.208609
1813,0.951462,0.977937,0.208494
1814,0.951488,0.977949,0.208931
1815,0.951515,0.977961,0.208815
1816,0.951542,0.977974,0.2087
1817,0.951569,0.977986,0.208586
1818,0.951595,0.977998,0.208471
1819,0.951622,0.97801,0.208356
1820,0.951648,0.978022,0.208242
1821,0.951675,0.978034,0.208677
1822,0.951701,0.978046,0.208562
1823,0.951728,0.978058,0.208448
1824,0.951754,0.97807,0.208333
1825,0.951781,0.978082,0.208219
1826,0.951807,0.978094,0.208105
1827,0.951834,0.978106,0.207991
1828,0.95186,0.978118,0.208425
1829,0.951886,0.97813,0.208311
1830,0.951913,0.978142,0.208197
1831,0.951939,0.978154,0.208083
1832,0.951965,0.978166,0.207969
1833,0.951991,0.978178,0.208402
1834,0.952017,0.97819,0.208288
1835,0.952044,0.978202,0.208174
1836,0.95207,0.978214,0.208061
1837,0.952096,0.978225,0.207948
1838,0.952122,0.978237,0.207835
1839,0.952148,0.978249,0.207722
1840,0.952174,0.978261,0.207609
1841,0.9522,0.978273,0.208039
1842,0.952226,0.978284,0.207926
1843,0.952252,0.978296,0.207813
1844,0.952278,0.978308,0.207701
1845,0.952304,0.97832,0.20813
1846,0.952329,0.978332,0.208017
1847,0.952355,0.978343,0.207905
1848,0.952381,0.978355,0.207792
1849,0.952407,0.978367,0.20768
1850,0.952432,0.978378,0.207568
1851,0.952458,0.97839,0.207996
1852,0.952484,0.978402,0.207883
1853,0.952509,0.978413,0.207771
1854,0.952535,0.978425,0.207659
1855,0.952561,0.978437,0.207547
1856,0.952586,0.978448,0.207435
1857,0.952612,0.97846,0.207862
1858,0.952637,0.978471,0.20775
1859,0.952663,0.978483,0.207639
1860,0.952688,0.978495,0.207527
1861,0.952714,0.978506,0.207415
1862,0.952739,0.978518,0.207304
1863,0.952764,0.978529,0.207193
1864,0.95279,0.978541,0.207082
1865,0.952815,0.978552,0.206971
1866,0.95284,0.978564,0.20686
1867,0.952866,0.978575,0.207284
1868,0.952891,0.978587,0.207173
1869,0.952916,0.978598,0.207598
1870,0.952941,0.97861,0.207487
1871,0.952966,0.978621,0.207376
1872,0.952991,0.978632,0.207799
1873,0.953017,0.978644,0.207688
1874,0.952508,0.978655,0.207577
1875,0.952533,0.978667,0.207467
1876,0.952559,0.978678,0.207356
1877,0.952584,0.978689,0.207246
1878,0.952609,0.978701,0.207135
1879,0.952634,0.978712,0.207557
1880,0.95266,0.978723,0.207447
1881,0.952685,0.978735,0.207337
1882,0.95271,0.978746,0.207226
1883,0.952735,0.978757,0.207116
1884,0.95276,0.978769,0.207006
1885,0.952785,0.97878,0.206897
1886,0.95281,0.978791,0.206787
1887,0.952305,0.978802,0.206677
1888,0.952331,0.978814,0.206568
1889,0.952356,0.978825,0.206458
1890,0.952381,0.978836,0.206349
1891,0.952406,0.978847,0.206769
1892,0.952431,0.978858,0.20666
1893,0.952456,0.97887,0.20655
1894,0.952482,0.978881,0.206441
1895,0.952507,0.978892,0.206332
1896,0.952532,0.978903,0.206751
1897,0.952557,0.978914,0.206642
1898,0.952582,0.978925,0.206533
1899,0.952607,0.978936,0.206424
1900,0.952632,0.978947,0.206316
1901,0.952656,0.978958,0.206207
1902,0.952681,0.97897,0.206099
1903,0.952706,0.978981,0.206516
1904,0.952731,0.978992,0.206408
1905,0.952756,0.979003,0.206299
1906,0.952781,0.979014,0.206191
1907,0.952805,0.979025,0.206083
1908,0.95283,0.979036,0.205975
1909,0.952855,0.979047,0.206391
1910,0.95288,0.979058,0.206283
1911,0.952904,0.979069,0.206175
1912,0.952929,0.979079,0.20659
1913,0.952953,0.97909,0.206482
1914,0.952978,0.979101,0.206374
1915,0.953003,0.979112,0.206789
1916,0.953027,0.979123,0.206681
1917,0.953052,0.979134,0.206573
1918,0.953076,0.979145,0.206986
1919,0.953101,0.979156,0.206879
1920,0.953125,0.979167,0.206771
1921,0.953149,0.979178,0.206663
1922,0.953174,0.979188,0.206556
1923,0.953198,0.979199,0.206448
1924,0.953222,0.97921,0.206341
1925,0.953247,0.979221,0.206234
1926,0.953271,0.979232,0.206127
1927,0.953295,0.979242,0.20602
1928,0.95332,0.979253,0.205913
1929,0.953344,0.979264,0.205806
1930,0.953368,0.979275,0.205699
1931,0.953392,0.979285,0.206111
1932,0.953416,0.979296,0.206004
1933,0.95344,0.979307,0.205898
1934,0.953464,0.979317,0.205791
1935,0.953488,0.979328,0.206202
1936,0.953512,0.979339,0.206612
1937,0.953536,0.978833,0.206505
1938,0.95356,0.978844,0.206398
1939,0.953584,0.978855,0.206292
1940,0.953608,0.978866,0.206186
1941,0.953632,0.978877,0.206079
1942,0.953656,0.978888,0.205973
1943,0.95368,0.978899,0.205867
1944,0.953704,0.978909,0.205761
1945,0.953728,0.97892,0.205656
1946,0.953751,0.978931,0.20555
1947,0.953775,0.978942,0.205958
1948,0.953799,0.978953,0.206366
1949,0.953822,0.978964,0.20626
1950,0.953846,0.978974,0.206667
1951,0.95387,0.978985,0.206561
1952,0.953893,0.978996,0.206455
1953,0.953917,0.979007,0.206349
1954,0.953941,0.979017,0.206755
1955,0.953964,0.979028,0.20665
1956,0.953988,0.979039,0.206544
1957,0.954011,0.97905,0.206438
1958,0.954035,0.97906,0.206844
1959,0.954058,0.979071,0.206738
1960,0.954082,0.979082,0.207143
1961,0.954105,0.979092,0.207547
1962,0.954128,0.979103,0.207951
1963,0.954152,0.979114,0.207845
1964,0.954175,0.979124,0.207739
1965,0.954198,0.979135,0.207634
1966,0.954222,0.979145,0.207528
1967,0.954245,0.979156,0.207422
1968,0.954268,0.979167,0.207317
1969,0.954292,0.979177,0.20772
1970,0.954315,0.979188,0.207614
1971,0.954338,0.979198,0.207509
1972,0.954361,0.979209,0.207404
1973,0.954384,0.979219,0.207299
1974,0.954407,0.97923,0.2077
1975,0.95443,0.979241,0.207595
1976,0.954453,0.979251,0.20749
1977,0.954476,0.979262,0.207385
1978,0.954499,0.979272,0.20728
1979,0.954522,0.979282,0.207175
1980,0.954545,0.979293,0.207071
1981,0.954568,0.979303,0.206966
1982,0.954591,0.979314,0.207366
1983,0.954614,0.979324,0.207262
1984,0.954637,0.979335,0.207661
1985,0.95466,0.979345,0.207557
1986,0.954683,0.979355,0.207452
1987,0.954706,0.979366,0.207348
1988,0.954728,0.979376,0.207243
1989,0.954751,0.979387,0.207139
1990,0.954774,0.979397,0.207035
1991,0.954797,0.979407,0.207433
1992,0.954819,0.979418,0.207329
1993,0.954842,0.979428,0.207225
1994,0.954865,0.979438,0.207121
1995,0.954887,0.979449,0.207018
1996,0.95491,0.979459,0.206914
1997,0.954932,0.979469,0.207311
1998,0.954955,0.979479,0.207207
1999,0.954977,0.97949,0.207604
2000,0.955,0.9795,0.2075
2001,0.955022,0.97951,0.207396
2002,0.955045,0.97952,0.207293
2003,0.955067,0.979531,0.207189
2004,0.95509,0.979541,0.207585
2005,0.955112,0.979551,0.207481
2006,0.955135,0.979561,0.207378
2007,0.955157,0.979571,0.207275
2008,0.955179,0.979582,0.207669
2009,0.955202,0.979592,0.207566
2010,0.955224,0.979602,0.207463
2011,0.955246,0.979612,0.20736
2012,0.955268,0.979622,0.207256
2013,0.955291,0.979632,0.207154
2014,0.955313,0.979643,0.207051
2015,0.955335,0.979653,0.206948
2016,0.955357,0.979663,0.206845
2017,0.955379,0.979673,0.206743
2018,0.955401,0.979683,0.20664
2019,0.955423,0.979693,0.206538
2020,0.955446,0.979703,0.206436
2021,0.955468,0.979713,0.206333
2022,0.95549,0.979723,0.206726
2023,0.955512,0.979733,0.206624
2024,0.955534,0.979743,0.206522
2025,0.955556,0.979753,0.20642
2026,0.955577,0.979763,0.206811
2027,0.955599,0.979773,0.206709
2028,0.955621,0.979783,0.206607
2029,0.955643,0.979793,0.206506
2030,0.955665,0.979803,0.206897
2031,0.955687,0.979813,0.206795
2032,0.955709,0.979823,0.206693
2033,0.95573,0.979833,0.206591
2034,0.955752,0.979843,0.20649
2035,0.955774,0.979853,0.206388
2036,0.955796,0.979862,0.206287
2037,0.955817,0.979872,0.206186
2038,0.955839,0.979882,0.206084
2039,0.955861,0.979892,0.205983
2040,0.955882,0.979902,0.205882
2041,0.955904,0.979912,0.205781
2042,0.955926,0.979922,0.205681
2043,0.955947,0.979931,0.20607
2044,0.955969,0.979941,0.206458
2045,0.95599,0.979951,0.206357
2046,0.956012,0.979961,0.206256
2047,0.956033,0.979971,0.206155
2048,0.956055,0.97998,0.206055
2049,0.956076,0.97999,0.205954
2050,0.956098,0.98,0.205854
2051,0.956119,0.98001,0.205753
2052,0.95614,0.980019,0.205653
2053,0.956162,0.980029,0.205553
2054,0.956183,0.980039,0.205453
2055,0.956204,0.980049,0.205353
2056,0.956226,0.980058,0.205253
2057,0.956247,0.980068,0.205639
2058,0.956268,0.980078,0.205539
2059,0.956289,0.980087,0.205925
2060,0.956311,0.980097,0.206311
2061,0.956332,0.980107,0.206211
2062,0.956353,0.980116,0.206111
2063,0.956374,0.980126,0.206011
2064,0.956395,0.980136,0.205911
2065,0.956416,0.980145,0.205811
2066,0.956438,0.980155,0.205712
2067,0.956459,0.980164,0.205612
2068,0.95648,0.980174,0.205513
2069,0.956501,0.980184,0.205413
2070,0.956522,0.980193,0.205314
2071,0.956543,0.980203,0.205698
2072,0.956564,0.980212,0.205598
2073,0.956585,0.980222,0.205499
2074,0.956606,0.980231,0.2054
2075,0.956627,0.980241,0.205301
2076,0.956647,0.98025,0.205202
2077,0.956668,0.98026,0.205585
2078,0.956689,0.980269,0.205486
2079,0.95671,0.980279,0.205868
2080,0.956731,0.980288,0.205769
2081,0.956752,0.980298,0.20567
2082,0.956772,0.980307,0.206052
2083,0.956793,0.980317,0.206433
2084,0.956814,0.980326,0.206334
2085,0.956835,0.980336,0.206715
2086,0.956855,0.980345,0.206616
2087,0.956876,0.980355,0.206517
2088,0.956897,0.980364,0.206418
2089,0.956917,0.980373,0.206319
2090,0.956938,0.980383,0.20622
2091,0.956958,0.980392,0.2066
2092,0.956979,0.980402,0.206979
2093,0.957,0.980411,0.207358
2094,0.95702,0.98042,0.207259
2095,0.957041,0.98043,0.20716
2096,0.957061,0.980439,0.207538
2097,0.957082,0.980448,0.207439
2098,0.957102,0.979981,0.207817
2099,0.957122,0.97999,0.207718
2100,0.957143,0.98,0.207619
2101,0.957163,0.98001,0.207996
2102,0.957184,0.980019,0.208373
2103,0.957204,0.980029,0.208274
2104,0.957224,0.980038,0.208175
2105,0.957245,0.980048,0.208076
2106,0.957265,0.980057,0.207977
2107,0.957285,0.980066,0.207879
2108,0.957306,0.980076,0.20778
2109,0.957326,0.980085,0.207681
2110,0.957346,0.980095,0.207583
2111,0.957366,0.980104,0.207485
2112,0.957386,0.980114,0.207386
2113,0.957407,0.980123,0.207761
2114,0.957427,0.980132,0.208136
2115,0.957447,0.980142,0.208038
2116,0.957467,0.980151,0.20794
2117,0.957487,0.980161,0.208314
2118,0.957507,0.98017,0.208687
2119,0.957527,0.980179,0.209061
2120,0.957547,0.980189,0.208962
2121,0.957567,0.980198,0.208864
2122,0.957587,0.980207,0.208765
2123,0.957607,0.980217,0.208667
2124,0.957627,0.980226,0.208569
2125,0.957647,0.980235,0.208471
2126,0.957667,0.980245,0.208843
2127,0.957687,0.980254,0.208745
2128,0.957707,0.980263,0.208647
2129,0.957727,0.980272,0.208549
2130,0.957746,0.980282,0.208451
2131,0.957766,0.980291,0.208353
2132,0.957317,0.9803,0.208255
2133,0.957337,0.980309,0.208626
2134,0.957357,0.980319,0.208529
2135,0.957377,0.980328,0.208431
2136,0.957397,0.980337,0.208333
2137,0.957417,0.980346,0.208236
2138,0.957437,0.980355,0.208138
2139,0.957457,0.980365,0.208041
2140,0.957477,0.980374,0.207944
2141,0.957496,0.980383,0.207847
2142,0.957516,0.980392,0.20775
2143,0.957536,0.980401,0.207653
2144,0.957556,0.98041,0.207556
2145,0.957576,0.98042,0.207925
2146,0.957596,0.980429,0.207829
2147,0.957615,0.980438,0.207732
2148,0.957635,0.980447,0.207635
2149,0.957655,0.980456,0.207538
2150,0.957674,0.980465,0.207907
2151,0.957694,0.980474,0.208275
2152,0.957714,0.980483,0.208178
2153,0.957733,0.980492,0.208546
2154,0.957753,0.980501,0.208449
2155,0.957773,0.98051,0.208353
2156,0.957792,0.980519,0.208256
2157,0.957812,0.980529,0.208159
2158,0.957831,0.980538,0.208063
2159,0.957851,0.980547,0.207967
2160,0.95787,0.980556,0.20787
2161,0.95789,0.980565,0.208237
2162,0.957909,0.980574,0.208141
2163,0.957929,0.980583,0.208044
2164,0.957948,0.980591,0.207948
2165,0.957968,0.9806,0.207852
2166,0.957987,0.980609,0.207756
2167,0.958006,0.980618,0.20766
2168,0.958026,0.980627,0.207565
2169,0.958045,0.980636,0.207469
2170,0.958065,0.980645,0.207373
2171,0.958084,0.980654,0.207278
2172,0.958103,0.980663,0.207182
2173,0.958122,0.980672,0.207087
2174,0.958142,0.980681,0.206992
2175,0.958161,0.98069,0.206897
2176,0.95818,0.980699,0.206801
2177,0.958199,0.980707,0.207166
2178,0.958219,0.980716,0.207071
2179,0.958238,0.980725,0.207435
2180,0.958257,0.980734,0.207339
2181,0.958276,0.980743,0.207244
2182,0.958295,0.980752,0.207149
2183,0.958314,0.98076,0.207513
2184,0.958333,0.980769,0.207875
2185,0.958352,0.980778,0.208238
2186,0.958371,0.980787,0.208143
2187,0.95839,0.980796,0.208048
2188,0.95841,0.980804,0.207952
2189,0.958429,0.980813,0.208314
2190,0.958447,0.980822,0.208219
2191,0.958466,0.980831,0.208124
2192,0.958485,0.980839,0.208029
2193,0.958504,0.980848,0.20839
2194,0.958523,0.980857,0.208295
2195,0.958542,0.980866,0.208656
2196,0.958561,0.980874,0.208561
2197,0.95858,0.980883,0.208466
2198,0.958599,0.980892,0.208826
2199,0.958618,0.9809,0.208731
2200,0.958636,0.980909,0.209091
2201,0.958655,0.980918,0.208996
2202,0.958674,0.980926,0.208901
2203,0.958693,0.980935,0.208806
2204,0.958711,0.980944,0.209165
2205,0.95873,0.980952,0.20907
2206,0.958749,0.980961,0.208976
2207,0.958768,0.98097,0.208881
2208,0.958786,0.980978,0.208786
2209,0.958805,0.980987,0.209144
2210,0.958824,0.980995,0.20905
2211,0.958842,0.981004,0.208955
2212,0.958861,0.981013,0.209313
2213,0.958879,0.981021,0.209218
2214,0.958898,0.98103,0.209124
2215,0.958916,0.981038,0.209029
2216,0.958935,0.980596,0.208935
2217,0.958954,0.980604,0.209292
2218,0.958972,0.980613,0.209197
2219,0.958991,0.980622,0.209103
2220,0.959009,0.980631,0.209009
2221,0.959027,0.980639,0.208915
2222,0.959046,0.980648,0.208821
2223,0.959064,0.980657,0.208727
2224,0.959083,0.980665,0.208633
2225,0.959101,0.980674,0.208539
2226,0.959119,0.980683,0.208446
2227,0.959138,0.980692,0.208352
2228,0.959156,0.9807,0.208259
2229,0.959175,0.980709,0.208165
2230,0.959193,0.980717,0.208072
2231,0.959211,0.980726,0.207978
2232,0.959229,0.980735,0.208333
2233,0.959248,0.980743,0.20824
2234,0.959266,0.980752,0.208147
2235,0.959284,0.980761,0.208054
2236,0.958855,0.980769,0.207961
2237,0.958873,0.980778,0.207868
2238,0.958892,0.980786,0.207775
2239,0.95891,0.980795,0.207682
2240,0.958929,0.980804,0.207589
2241,0.958947,0.980812,0.207497
2242,0.958965,0.980821,0.207404
2243,0.958984,0.980829,0.207757
2244,0.959002,0.980838,0.207665
2245,0.95902,0.980846,0.207572
2246,0.959038,0.980855,0.20748
2247,0.959057,0.980863,0.207388
2248,0.959075,0.980872,0.207295
2249,0.959093,0.98088,0.207203
2250,0.959111,0.980889,0.207111
2251,0.959129,0.980897,0.207019
2252,0.959147,0.980906,0.206927
2253,0.959166,0.980914,0.206835
2254,0.959184,0.980923,0.206744
2255,0.959202,0.980931,0.207095
2256,0.95922,0.98094,0.207004
2257,0.959238,0.980948,0.206912
2258,0.959256,0.980957,0.207263
2259,0.959274,0.980965,0.207614
2260,0.959292,0.980973,0.207522
2261,0.95931,0.980982,0.20743
2262,0.958886,0.98099,0.207781
2263,0.958904,0.980999,0.208131
2264,0.958922,0.981007,0.208039
2265,0.95894,0.981015,0.207947
2266,0.958959,0.981024,0.207855
2267,0.958977,0.981032,0.207764
2268,0.958995,0.981041,0.207672
2269,0.959013,0.981049,0.20758
2270,0.959031,0.981057,0.207489
2271,0.959049,0.981066,0.207398
2272,0.959067,0.981074,0.207306
2273,0.959085,0.981082,0.207655
2274,0.959103,0.981091,0.207564
2275,0.959121,0.981099,0.207473
2276,0.959139,0.981107,0.207381
2277,0.959157,0.981116,0.20729
2278,0.959175,0.981124,0.207199
2279,0.959193,0.981132,0.207108
2280,0.959211,0.98114,0.207018
2281,0.959228,0.981149,0.207365
2282,0.959246,0.981157,0.207713
2283,0.959264,0.981165,0.207622
2284,0.959282,0.981173,0.207531
2285,0.9593,0.981182,0.20744
2286,0.959318,0.98119,0.207349
2287,0.959335,0.981198,0.207258
2288,0.959353,0.981206,0.207605
2289,0.959371,0.981215,0.207514
2290,0.959389,0.981223,0.207424
2291,0.959406,0.981231,0.207333
2292,0.959424,0.981239,0.207679
2293,0.959442,0.981247,0.208024
2294,0.959459,0.981255,0.207934
2295,0.959477,0.981264,0.207843
2296,0.959495,0.981272,0.208188
2297,0.959512,0.98128,0.208098
2298,0.95953,0.981288,0.208007
2299,0.959548,0.981296,0.208351
2300,0.959565,0.981304,0.208261
2301,0.959583,0.981312,0.20817
2302,0.9596,0.981321,0.20808
2303,0.959618,0.981329,0.208424
2304,0.959635,0.981337,0.208333
2305,0.959653,0.981345,0.208243
2306,0.95967,0.981353,0.208153
2307,0.959688,0.981361,0.208062
2308,0.959705,0.981369,0.207972
2309,0.959723,0.981377,0.207882
2310,0.95974,0.981385,0.207792
2311,0.959758,0.981393,0.207702
2312,0.959775,0.981401,0.208045
2313,0.959792,0.981409,0.207955
2314,0.95981,0.981417,0.207865
2315,0.959827,0.981425,0.207775
2316,0.959845,0.981434,0.207686
2317,0.95943,0.981442,0.207596
2318,0.959448,0.98145,0.207506
2319,0.959465,0.981458,0.207417
2320,0.959483,0.981466,0.207759
2321,0.9595,0.981474,0.207669
2322,0.959518,0.981481,0.20758
2323,0.959535,0.981489,0.20749
2324,0.959552,0.981497,0.207831
2325,0.95957,0.981505,0.207742
2326,0.959587,0.981513,0.207653
2327,0.959605,0.981521,0.207563
2328,0.959622,0.981529,0.207474
2329,0.959639,0.981537,0.207385
2330,0.959657,0.981545,0.207725
2331,0.959674,0.981553,0.207636
2332,0.959691,0.981561,0.207547
2333,0.959709,0.981569,0.207458
2334,0.959726,0.981577,0.207369
2335,0.959743,0.981585,0.207281
2336,0.95976,0.981592,0.207192
2337,0.959777,0.9816,0.207103
2338,0.959795,0.981608,0.207015
2339,0.959812,0.981616,0.206926
2340,0.959829,0.981624,0.207265
2341,0.959846,0.981632,0.207176
2342,0.959863,0.98164,0.207088
2343,0.95988,0.981647,0.207
2344,0.959898,0.981655,0.206911
2345,0.959915,0.981663,0.206823
2346,0.959932,0.981671,0.206735
2347,0.959949,0.981679,0.206647
2348,0.95954,0.981687,0.206985
2349,0.959557,0.981694,0.206897
2350,0.959574,0.981702,0.206809
2351,0.959592,0.98171,0.206721
2352,0.959609,0.981718,0.206633
2353,0.959626,0.981725,0.206545
2354,0.959643,0.981733,0.206457
2355,0.95966,0.981741,0.206369
2356,0.959677,0.981749,0.206282
2357,0.959695,0.981756,0.206194
2358,0.959712,0.981764,0.206107
2359,0.959305,0.981772,0.206019
2360,0.959322,0.98178,0.205932
2361,0.959339,0.981787,0.205845
2362,0.959356,0.981795,0.206181
2363,0.959374,0.981803,0.206094
2364,0.959391,0.98181,0.206007
2365,0.959408,0.981818,0.206342
2366,0.959425,0.981826,0.206255
2367,0.959442,0.981834,0.206168
2368,0.959459,0.981841,0.206081
2369,0.959477,0.981849,0.205994
2370,0.959494,0.981857,0.205907
2371,0.959511,0.981864,0.206242
2372,0.959528,0.981872,0.206155
2373,0.959545,0.981879,0.20649
2374,0.959562,0.981887,0.206403
2375,0.959579,0.981895,0.206737
2376,0.959596,0.981902,0.20665
2377,0.959613,0.98191,0.206563
2378,0.95963,0.981918,0.206476
2379,0.959647,0.981925,0.206389
2380,0.959664,0.981933,0.206303
2381,0.959681,0.98194,0.206216
2382,0.959698,0.981948,0.206129
2383,0.959715,0.981956,0.206043
2384,0.959732,0.981963,0.205956
2385,0.959748,0.981971,0.206289
2386,0.959765,0.981978,0.206203
2387,0.959782,0.981986,0.206116
2388,0.959799,0.981993,0.20603
2389,0.959816,0.982001,0.206362
2390,0.959833,0.982008,0.206276
2391,0.959849,0.982016,0.20619
2392,0.959866,0.982023,0.206104
2393,0.959883,0.982031,0.206435
2394,0.9599,0.982038,0.206349
2395,0.959916,0.982046,0.206263
2396,0.959933,0.982053,0.206177
2397,0.95995,0.982061,0.206091
2398,0.959967,0.982068,0.206422
2399,0.959983,0.982076,0.206336
2400,0.96,0.982083,0.206667
2401,0.960017,0.982091,0.206581
2402,0.960033,0.982098,0.206495
2403,0.96005,0.982106,0.206409
2404,0.960067,0.982113,0.206323
2405,0.960083,0.982121,0.206237
2406,0.9601,0.982128,0.206151
2407,0.960116,0.982135,0.206066
2408,0.960133,0.982143,0.20598
2409,0.960149,0.98215,0.20631
2410,0.960166,0.982158,0.206224
2411,0.960182,0.982165,0.206139
2412,0.960199,0.982172,0.206468
2413,0.960215,0.98218,0.206382
2414,0.960232,0.982187,0.206297
2415,0.959834,0.982195,0.206211
2416,0.959851,0.982202,0.206126
2417,0.959868,0.982209,0.206454
2418,0.959884,0.982217,0.206782
2419,0.959901,0.982224,0.206697
2420,0.959917,0.982231,0.207025
2421,0.959934,0.982239,0.207352
2422,0.95995,0.982246,0.207267
2423,0.959967,0.982253,0.207594
2424,0.959983,0.982261,0.207921
2425,0.96,0.982268,0.207835
2426,0.960016,0.982275,0.208162
2427,0.960033,0.982283,0.208076
2428,0.960049,0.98229,0.20799
2429,0.960066,0.982297,0.207904
2430,0.960082,0.982305,0.20823
2431,0.960099,0.982312,0.208145
2432,0.960115,0.982319,0.208059
2433,0.960132,0.982326,0.207974
2434,0.960148,0.982334,0.207888
2435,0.960164,0.982341,0.208214
2436,0.960181,0.982348,0.208128
2437,0.960197,0.982355,0.208043
2438,0.960213,0.982363,0.207957
2439,0.96023,0.98237,0.207872
2440,0.960246,0.982377,0.207787
2441,0.960262,0.982384,0.208111
2442,0.960278,0.982391,0.208026
2443,0.960295,0.982399,0.207941
2444,0.960311,0.982406,0.207856
2445,0.960327,0.982413,0.207771
2446,0.960343,0.98242,0.207686
2447,0.96036,0.982427,0.20801
2448,0.960376,0.982435,0.207925
2449,0.960392,0.982442,0.208248
2450,0.960408,0.982449,0.208571
2451,0.960424,0.982456,0.208486
2452,0.96044,0.982463,0.208809
2453,0.960457,0.98247,0.208724
2454,0.960473,0.982478,0.208639
2455,0.960489,0.982485,0.208554
2456,0.960505,0.982492,0.208469
2457,0.960521,0.982499,0.208791
2458,0.960537,0.982506,0.208706
2459,0.960553,0.982513,0.209028
2460,0.960569,0.98252,0.20935
2461,0.960585,0.982527,0.209265
2462,0.960601,0.982535,0.209586
2463,0.960617,0.982542,0.209501
2464,0.960633,0.982549,0.209416
2465,0.960649,0.982556,0.209736
2466,0.960665,0.982563,0.209651
2467,0.960681,0.98257,0.209566
2468,0.960697,0.982577,0.209481
2469,0.960713,0.982584,0.209397
2470,0.960729,0.982591,0.209312
2471,0.960745,0.982598,0.209227
2472,0.960761,0.982605,0.209142
2473,0.960776,0.982612,0.209058
2474,0.960792,0.982619,0.208973
2475,0.960808,0.982626,0.208889
2476,0.960824,0.982633,0.208805
2477,0.96084,0.98264,0.20872
2478,0.960856,0.982647,0.20904
2479,0.960871,0.982654,0.209359
2480,0.960887,0.982661,0.209274
2481,0.960903,0.982668,0.20919
2482,0.960919,0.982675,0.209106
2483,0.960934,0.982682,0.209021
2484,0.96095,0.982689,0.208937
2485,0.960966,0.982696,0.208853
2486,0.960981,0.982703,0.208769
2487,0.960997,0.98271,0.208685
2488,0.961013,0.982717,0.208601
2489,0.961029,0.982724,0.208517
2490,0.961044,0.982731,0.208835
2491,0.96106,0.982738,0.208752
2492,0.961075,0.982745,0.208668
2493,0.961091,0.982752,0.208584
2494,0.961107,0.982759,0.2085
2495,0.961122,0.982766,0.208417
2496,0.961138,0.982772,0.208734
2497,0.961153,0.982779,0.20865
2498,0.961169,0.982786,0.208567
2499,0.961184,0.982793,0.208483
2500,0.9612,0.9828,0.2084
2501,0.961216,0.982807,0.208317
2502,0.961231,0.982814,0.208233
2503,0.961247,0.982821,0.20855
2504,0.961262,0.982827,0.208466
2505,0.961277,0.982834,0.208383
2506,0.961293,0.982841,0.208699
2507,0.961308,0.982848,0.208616
2508,0.961324,0.982855,0.208533
2509,0.961339,0.982862,0.20845
2510,0.961355,0.982869,0.208367
2511,0.96137,0.982875,0.208284
2512,0.961385,0.982882,0.208201
2513,0.961401,0.982889,0.208118
2514,0.961416,0.982896,0.208035
2515,0.961431,0.982903,0.20835
2516,0.961447,0.982909,0.208665
2517,0.961065,0.982916,0.208979
2518,0.96108,0.982923,0.208896
2519,0.961096,0.98293,0.208813
2520,0.961111,0.982937,0.20873
2521,0.961127,0.982943,0.208647
2522,0.961142,0.98295,0.208565
2523,0.961157,0.982957,0.208482
2524,0.961173,0.982964,0.208399
2525,0.961188,0.98297,0.208713
2526,0.961203,0.982977,0.20863
2527,0.961219,0.982984,0.208548
2528,0.961234,0.982991,0.208465
2529,0.96125,0.982997,0.208383
2530,0.961265,0.983004,0.2083
2531,0.96128,0.983011,0.208218
2532,0.9609,0.983017,0.208136
2533,0.960916,0.983024,0.208448
2534,0.960931,0.983031,0.208761
2535,0.960947,0.983037,0.208679
2536,0.960962,0.983044,0.208596
2537,0.960978,0.983051,0.208514
2538,0.960993,0.983058,0.208432
2539,0.961008,0.983064,0.208744
2540,0.961024,0.983071,0.208661
2541,0.961039,0.983078,0.208579
2542,0.961054,0.983084,0.208497
2543,0.96107,0.983091,0.208415
2544,0.961085,0.983097,0.208333
2545,0.9611,0.983104,0.208251
2546,0.961115,0.983111,0.208562
2547,0.961131,0.983117,0.208481
2548,0.961146,0.983124,0.208791
2549,0.961161,0.983131,0.208709
2550,0.961176,0.983137,0.208627
2551,0.961192,0.983144,0.208546
2552,0.961207,0.98315,0.208464
2553,0.961222,0.983157,0.208382
2554,0.961237,0.983164,0.208301
2555,0.961252,0.98317,0.208219
2556,0.961268,0.983177,0.208138
2557,0.961283,0.983183,0.208447
2558,0.961298,0.98319,0.208757
2559,0.961313,0.983197,0.209066
2560,0.961328,0.983203,0.209375
2561,0.961343,0.98321,0.209293
2562,0.961358,0.983216,0.209602
2563,0.961373,0.983223,0.20991
2564,0.961388,0.983229,0.209828
2565,0.961404,0.983236,0.209747
2566,0.961419,0.983242,0.209665
2567,0.961434,0.983249,0.209583
2568,0.961449,0.983255,0.209502
2569,0.961464,0.983262,0.20942
2570,0.961479,0.983268,0.209728
2571,0.961494,0.983275,0.209646
2572,0.961509,0.983281,0.209565
2573,0.961524,0.983288,0.209483
2574,0.961538,0.983294,0.209402
2575,0.961553,0.983301,0.20932
2576,0.961568,0.983307,0.209239
2577,0.961583,0.983314,0.209158
2578,0.961598,0.98332,0.209077
2579,0.961613,0.983327,0.209383
2580,0.961628,0.983333,0.209302
2581,0.961643,0.98334,0.209609
2582,0.961658,0.983346,0.209527
2583,0.961672,0.983353,0.209834
2584,0.961687,0.983359,0.210139
2585,0.961702,0.983366,0.210058
2586,0.961717,0.983372,0.209977
2587,0.961732,0.983378,0.209896
2588,0.961747,0.983385,0.209815
2589,0.961761,0.983391,0.209733
2590,0.961776,0.983398,0.209653
2591,0.961791,0.983404,0.209572
2592,0.961806,0.98341,0.209491
2593,0.96182,0.983417,0.20941
2594,0.961835,0.983423,0.209329
2595,0.96185,0.98343,0.209634
2596,0.961864,0.983436,0.209938
2597,0.961879,0.983442,0.209858
2598,0.961894,0.983449,0.210162
2599,0.961908,0.983455,0.210081
2600,0.961923,0.983462,0.21
2601,0.961938,0.983468,0.210304
2602,0.961952,0.983474,0.210607
2603,0.961967,0.983481,0.210526
2604,0.961982,0.983487,0.210445
2605,0.961996,0.983493,0.210749
2606,0.962011,0.9835,0.210668
2607,0.962025,0.983506,0.210587
2608,0.96204,0.983512,0.210506
2609,0.962054,0.983519,0.210809
2610,0.962069,0.983525,0.211111
2611,0.962083,0.983531,0.21103
2612,0.962098,0.983538,0.211332
2613,0.962113,0.983544,0.211251
2614,0.962127,0.98355,0.211553
2615,0.962141,0.983556,0.211472
2616,0.962156,0.983563,0.211391
2617,0.96217,0.983569,0.211311
2618,0.962185,0.983575,0.21123
2619,0.962199,0.983582,0.211531
2620,0.962214,0.983588,0.21145
2621,0.962228,0.983594,0.211751
2622,0.962243,0.9836,0.21167
2623,0.962257,0.983607,0.21159
2624,0.962271,0.983613,0.211509
2625,0.962286,0.983619,0.211429
2626,0.9623,0.983625,0.211348
2627,0.962314,0.983632,0.211268
2628,0.962329,0.983638,0.211187
2629,0.962343,0.983644,0.211487
2630,0.962357,0.98365,0.211407
2631,0.962372,0.983656,0.211707
2632,0.962386,0.983663,0.211626
2633,0.9624,0.983669,0.211546
2634,0.962415,0.983675,0.211465
2635,0.962429,0.983681,0.211385
2636,0.962443,0.983687,0.211305
2637,0.962457,0.983694,0.211225
2638,0.962472,0.9837,0.211524
2639,0.962486,0.983706,0.211444
2640,0.9625,0.983712,0.211364
2641,0.962514,0.983718,0.211284
2642,0.962528,0.983724,0.211204
2643,0.962543,0.983731,0.211502
2644,0.962557,0.983737,0.211422
2645,0.962571,0.983743,0.211342
2646,0.962585,0.983749,0.211262
2647,0.962599,0.983755,0.211182
2648,0.962613,0.983761,0.211103
2649,0.962627,0.983767,0.211023
2650,0.962642,0.983774,0.210943
2651,0.962656,0.98378,0.210864
2652,0.96267,0.983786,0.210784
2653,0.962684,0.983792,0.211082
2654,0.962698,0.983798,0.211002
2655,0.962712,0.983804,0.210923
2656,0.962726,0.98381,0.21122
2657,0.96274,0.983816,0.211517
2658,0.962378,0.983822,0.211437
2659,0.962392,0.983829,0.211358
2660,0.962406,0.983835,0.211278
2661,0.96242,0.983841,0.211199
2662,0.962434,0.983847,0.211119
2663,0.962448,0.983853,0.21104
2664,0.962462,0.983859,0.210961
2665,0.962477,0.983865,0.210882
2666,0.962491,0.983871,0.210803
2667,0.962505,0.983877,0.211099
2668,0.962519,0.983883,0.211394
2669,0.962533,0.983889,0.211315
2670,0.962547,0.983895,0.211236
2671,0.962561,0.983901,0.211157
2672,0.962575,0.983907,0.211078
2673,0.962589,0.983913,0.211373
2674,0.962603,0.983919,0.211294
2675,0.962617,0.983925,0.211215
2676,0.962631,0.983931,0.211136
2677,0.962645,0.983937,0.211057
2678,0.962659,0.983943,0.211352
2679,0.962673,0.983949,0.211273
2680,0.962687,0.983955,0.211194
2681,0.9627,0.983961,0.211115
2682,0.962714,0.983967,0.211037
2683,0.962728,0.983973,0.211331
2684,0.962742,0.983979,0.211252
2685,0.962756,0.983985,0.211173
2686,0.96277,0.983991,0.211095
2687,0.962784,0.983997,0.211016
2688,0.962798,0.984003,0.210938
2689,0.962811,0.984009,0.211231
2690,0.962825,0.984015,0.211152
2691,0.962839,0.984021,0.211074
2692,0.962853,0.984027,0.210996
2693,0.962867,0.984033,0.210917
2694,0.96288,0.984039,0.210839
2695,0.962894,0.984045,0.210761
2696,0.962908,0.98405,0.211053
2697,0.962922,0.984056,0.210975
2698,0.962936,0.984062,0.211268
2699,0.962579,0.984068,0.21156
2700,0.962593,0.984074,0.211481
2701,0.962606,0.98408,0.211773
2702,0.96262,0.984086,0.211695
2703,0.962634,0.984092,0.211987
2704,0.962648,0.984098,0.211908
2705,0.962662,0.984104,0.21183
2706,0.962676,0.984109,0.212121
2707,0.962689,0.984115,0.212043
2708,0.962703,0.984121,0.211965
2709,0.962717,0.984127,0.211886
2710,0.962731,0.984133,0.211808
2711,0.962744,0.984139,0.21173
2712,0.962758,0.984145,0.212021
2713,0.962772,0.98415,0.211942
2714,0.962786,0.984156,0.211864
2715,0.962799,0.984162,0.211786
2716,0.962813,0.984168,0.211708
2717,0.962827,0.984174,0.21163
2718,0.96284,0.98418,0.211553
2719,0.962854,0.984185,0.211475
2720,0.962868,0.984191,0.211397
2721,0.962881,0.984197,0.211319
2722,0.962895,0.984203,0.211242
2723,0.962909,0.984209,0.211164
2724,0.962922,0.984214,0.211087
2725,0.962936,0.98422,0.211376
2726,0.962949,0.984226,0.211299
2727,0.962963,0.984232,0.211221
2728,0.962977,0.984238,0.21151
2729,0.96299,0.984243,0.211433
2730,0.963004,0.984249,0.211355
2731,0.963017,0.984255,0.211278
2732,0.963031,0.984261,0.211201
2733,0.963044,0.984266,0.211123
2734,0.963058,0.984272,0.211046
2735,0.963071,0.984278,0.210969
2736,0.963085,0.984284,0.210892
2737,0.963098,0.984289,0.210815
2738,0.963112,0.984295,0.210738
2739,0.963125,0.984301,0.210661
2740,0.963139,0.984307,0.210584
2741,0.963152,0.984312,0.210507
2742,0.963166,0.984318,0.21043
2743,0.963179,0.984324,0.210354
2744,0.963192,0.984329,0.210277
2745,0.963206,0.984335,0.210565
2746,0.963219,0.984341,0.210488
2747,0.963233,0.984347,0.210411
2748,0.963246,0.984352,0.210335
2749,0.963259,0.984358,0.210622
2750,0.963273,0.984364,0.210545
2751,0.963286,0.984369,0.210469
2752,0.963299,0.984375,0.210756
2753,0.963313,0.984381,0.210679
2754,0.963326,0.984386,0.210966
2755,0.963339,0.984392,0.210889
2756,0.963353,0.984398,0.210813
2757,0.963366,0.984403,0.210736
2758,0.963379,0.984409,0.21066
2759,0.963393,0.984415,0.210584
2760,0.963406,0.98442,0.210507
2761,0.963419,0.984426,0.210431
2762,0.963432,0.984432,0.210355
2763,0.963446,0.984437,0.210279
2764,0.963459,0.984443,0.210203
2765,0.963472,0.984448,0.210127
2766,0.963485,0.984454,0.210412
2767,0.963498,0.98446,0.210336
2768,0.963512,0.984465,0.21026
2769,0.963525,0.984471,0.210184
2770,0.963538,0.984477,0.210469
2771,0.963551,0.984482,0.210393
2772,0.963564,0.984488,0.210317
2773,0.963577,0.984493,0.210242
2774,0.96359,0.984499,0.210166
2775,0.963604,0.984505,0.21045
2776,0.963617,0.98451,0.210735
2777,0.96363,0.984516,0.211019
2778,0.963643,0.984521,0.210943
2779,0.963656,0.984527,0.211227
2780,0.963669,0.984532,0.211151
2781,0.963682,0.984538,0.211075
2782,0.963695,0.984543,0.210999
2783,0.963708,0.984549,0.211283
2784,0.963721,0.984555,0.211207
2785,0.963734,0.98456,0.21149
2786,0.963747,0.984566,0.211414
2787,0.96376,0.984571,0.211338
2788,0.963773,0.984577,0.211263
2789,0.963786,0.984582,0.211545
2790,0.963799,0.984588,0.21147
2791,0.963812,0.984593,0.211752
2792,0.963825,0.984599,0.211676
2793,0.963838,0.984604,0.2116
2794,0.963851,0.98461,0.211525
2795,0.963506,0.984615,0.211449
2796,0.963519,0.984621,0.211373
2797,0.963532,0.984626,0.211298
2798,0.963545,0.984632,0.211222
2799,0.963558,0.984637,0.211504
2800,0.963571,0.984643,0.211786
2801,0.963584,0.984648,0.21171
2802,0.963597,0.984654,0.211991
2803,0.96361,0.984659,0.211916
2804,0.963623,0.984665,0.21184
2805,0.963636,0.98467,0.211765
2806,0.963649,0.984676,0.211689
2807,0.963662,0.984681,0.211614
2808,0.963675,0.984687,0.211538
2809,0.963688,0.984692,0.211463
2810,0.963701,0.984698,0.211388
2811,0.963714,0.984703,0.211313
2812,0.963727,0.984708,0.211238
2813,0.96374,0.984714,0.211162
2814,0.963753,0.984719,0.211087
2815,0.963766,0.984725,0.211012
2816,0.963778,0.98473,0.210938
2817,0.963791,0.984736,0.210863
2818,0.963804,0.984741,0.210788
2819,0.963817,0.984746,0.210713
2820,0.96383,0.984752,0.210638
2821,0.963843,0.984757,0.210564
2822,0.963855,0.984763,0.210489
2823,0.963868,0.984768,0.210769
2824,0.963881,0.984773,0.210694
2825,0.963894,0.984779,0.210619
2826,0.963907,0.984784,0.210545
2827,0.963919,0.98479,0.21047
2828,0.963932,0.984795,0.210396
2829,0.963945,0.9848,0.210322
2830,0.963958,0.984806,0.210601
2831,0.96397,0.984811,0.210526
2832,0.963983,0.984816,0.210452
2833,0.963996,0.984822,0.210378
2834,0.964008,0.984827,0.210656
2835,0.964021,0.984832,0.210935
2836,0.964034,0.984838,0.21086
2837,0.964047,0.984843,0.211139
2838,0.964059,0.984848,0.211064
2839,0.964072,0.984854,0.211342
2840,0.964085,0.984859,0.21162
2841,0.964097,0.984864,0.211545
2842,0.96411,0.98487,0.211823
2843,0.964122,0.984875,0.211748
2844,0.964135,0.98488,0.211674
2845,0.964148,0.984886,0.211599
2846,0.96416,0.984891,0.211525
2847,0.964173,0.984896,0.211451
2848,0.964185,0.984902,0.211728
2849,0.964198,0.984907,0.212004
2850,0.964211,0.984912,0.21193
2851,0.964223,0.984918,0.211855
2852,0.964236,0.984923,0.211781
2853,0.964248,0.984928,0.211707
2854,0.964261,0.984933,0.211633
2855,0.964273,0.984939,0.211909
2856,0.964286,0.984944,0.211835
2857,0.964298,0.984949,0.211761
2858,0.964311,0.984955,0.211686
2859,0.964323,0.98496,0.211612
2860,0.964336,0.984965,0.211538
2861,0.964348,0.98497,0.211465
2862,0.964361,0.984976,0.21174
2863,0.964373,0.984981,0.212015
2864,0.964385,0.984986,0.211941
2865,0.964398,0.984991,0.211867
2866,0.96441,0.984997,0.211793
2867,0.964423,0.985002,0.212068
2868,0.964435,0.985007,0.211994
2869,0.964448,0.985012,0.211921
2870,0.96446,0.985017,0.211847
2871,0.964472,0.985023,0.211773
2872,0.964485,0.985028,0.211699
2873,0.964497,0.985033,0.211974
2874,0.964509,0.985038,0.212248
2875,0.964522,0.985043,0.212522
2876,0.964534,0.985049,0.212448
2877,0.964546,0.985054,0.212374
2878,0.964559,0.985059,0.2123
2879,0.964571,0.985064,0.212226
2880,0.964583,0.985069,0.212153
2881,0.964596,0.985075,0.212079
2882,0.964608,0.98508,0.212353
2883,0.96462,0.985085,0.212279
2884,0.964632,0.98509,0.212552
2885,0.964645,0.985095,0.212478
2886,0.964657,0.9851,0.212405
2887,0.964669,0.985106,0.212678
2888,0.964681,0.985111,0.21295
2889,0.964694,0.985116,0.212876
2890,0.964706,0.985121,0.212803
2891,0.964718,0.985126,0.212729
2892,0.96473,0.985131,0.212656
2893,0.964742,0.985137,0.212582
2894,0.964755,0.985142,0.212509
2895,0.964767,0.985147,0.212435
2896,0.964779,0.985152,0.212707
2897,0.964791,0.985157,0.212634
2898,0.964803,0.985162,0.212905
2899,0.964815,0.985167,0.213177
2900,0.964828,0.985172,0.213103
2901,0.96484,0.985178,0.21303
2902,0.964852,0.985183,0.212957
2903,0.964864,0.985188,0.212883
2904,0.964876,0.985193,0.21281
2905,0.964888,0.985198,0.212737
2906,0.9649,0.985203,0.212663
2907,0.964912,0.985208,0.21259
2908,0.964924,0.985213,0.212517
2909,0.964936,0.985218,0.212444
2910,0.964948,0.985223,0.212371
2911,0.96496,0.985228,0.212642
2912,0.964973,0.985234,0.212569
2913,0.964985,0.985239,0.212496
2914,0.964997,0.985244,0.212423
2915,0.965009,0.985249,0.212693
2916,0.965021,0.985254,0.21262
2917,0.965033,0.985259,0.212547
2918,0.965045,0.985264,0.212474
2919,0.965057,0.985269,0.212402
2920,0.965068,0.985274,0.212329
2921,0.96508,0.985279,0.212256
2922,0.965092,0.985284,0.212183
2923,0.965104,0.985289,0.212111
2924,0.965116,0.985294,0.212038
2925,0.965128,0.985299,0.211966
2926,0.96514,0.985304,0.212235
2927,0.965152,0.985309,0.212163
2928,0.965164,0.985314,0.21209
2929,0.965176,0.985319,0.212018
2930,0.965188,0.985324,0.211945
2931,0.9652,0.985329,0.211873
2932,0.965211,0.985334,0.211801
2933,0.965223,0.985339,0.211729
2934,0.965235,0.985344,0.211656
2935,0.965247,0.985349,0.211584
2936,0.965259,0.985354,0.211853
2937,0.965271,0.985359,0.211781
2938,0.965283,0.985364,0.211709
2939,0.965294,0.985369,0.211637
2940,0.965306,0.985374,0.211565
2941,0.965318,0.985379,0.211493
2942,0.96533,0.985384,0.211421
2943,0.965341,0.985389,0.211349
2944,0.965353,0.985394,0.211277
2945,0.965365,0.985399,0.211205
2946,0.965377,0.985404,0.211134
2947,0.965389,0.985409,0.211062
2948,0.9654,0.985414,0.210991
2949,0.965412,0.985419,0.211258
2950,0.965424,0.985424,0.211186
2951,0.965435,0.985429,0.211115
2952,0.965447,0.985434,0.211043
2953,0.965459,0.985439,0.211311
2954,0.965471,0.985443,0.211239
2955,0.965482,0.985448,0.211168
2956,0.965494,0.985453,0.211096
2957,0.965506,0.985458,0.211363
2958,0.965517,0.985463,0.211629
2959,0.965529,0.985468,0.211558
2960,0.965541,0.985473,0.211824
2961,0.965552,0.985478,0.211753
2962,0.965564,0.985483,0.212019
2963,0.965575,0.985488,0.212285
2964,0.965587,0.985493,0.212213
2965,0.965599,0.985497,0.212142
2966,0.96561,0.985502,0.21207
2967,0.965622,0.985507,0.211999
2968,0.965296,0.985512,0.212264
2969,0.965308,0.985517,0.212193
2970,0.96532,0.985522,0.212121
2971,0.965332,0.985527,0.212386
2972,0.965343,0.985532,0.212651
2973,0.965355,0.985536,0.21258
2974,0.965367,0.985541,0.212508
2975,0.965378,0.985546,0.212437
2976,0.96539,0.985551,0.212366
2977,0.965401,0.985556,0.212294
2978,0.965413,0.985561,0.212223
2979,0.965425,0.985566,0.212152
2980,0.965436,0.98557,0.212081
2981,0.965448,0.985575,0.212009
2982,0.965459,0.98558,0.211938
2983,0.965471,0.985585,0.211867
2984,0.965483,0.98559,0.211796
2985,0.965494,0.985595,0.211725
2986,0.965506,0.985599,0.211654
2987,0.965517,0.985604,0.211584
2988,0.965529,0.985609,0.211513
2989,0.96554,0.985614,0.211442
2990,0.965552,0.985619,0.211371
2991,0.965563,0.985624,0.211301
2992,0.965575,0.985628,0.21123
2993,0.965586,0.985633,0.211159
2994,0.965598,0.985638,0.211089
2995,0.965609,0.985643,0.211018
2996,0.965621,0.985648,0.211282
2997,0.965632,0.985652,0.211545
2998,0.965644,0.985657,0.211474
2999,0.965655,0.985328,0.211404
3000,0.965667,0.985333,0.211333
# arm1	1
# arm2	4
# arm3	1
# arm4	7
# arm5	2623
# Total:	2636
